Date,Name,Year,Letterboxd URI,Rating,Genres,Runtime,Average Rating
2020-10-15,Whiplash,2014,https://boxd.it/7bQA,5.0,Drama-Music-Thriller,107.0,4.42
2020-10-15,Your Name.,2016,https://boxd.it/cUqs,5.0,Animation-Romance-Drama,106.0,4.23
2020-10-15,The Dark Knight,2008,https://boxd.it/2b0k,5.0,Action-Crime-Thriller,152.0,4.49
2020-10-15,Black Panther,2018,https://boxd.it/8MHs,4.0,Action-Adventure-Science Fiction,135.0,3.7
2020-10-15,Avengers: Endgame,2019,https://boxd.it/9vE4,4.5,Adventure-Science Fiction-Action,181.0,3.96
2020-10-15,Spider-Man: Into the Spider-Verse,2018,https://boxd.it/azpY,5.0,Animation-Action-Adventure,117.0,4.39
2020-10-15,Get Out,2017,https://boxd.it/eOCm,4.0,Mystery-Thriller-Horror,104.0,4.14
2020-10-15,Parasite,2019,https://boxd.it/hTha,4.5,Comedy-Thriller-Drama,133.0,4.53
2020-10-15,Once Upon a Time... in Hollywood,2019,https://boxd.it/gH0O,3.0,Comedy-Drama-Thriller,162.0,3.77
2020-10-15,Joker,2019,https://boxd.it/h4cS,5.0,Crime-Thriller-Drama,122.0,3.84
2020-10-15,Knives Out,2019,https://boxd.it/jWEA,4.0,Comedy-Crime-Mystery,131.0,3.96
2020-10-15,Jojo Rabbit,2019,https://boxd.it/iEBG,4.0,Comedy-War-Drama,108.0,4.04
2020-10-15,Arrival,2016,https://boxd.it/aNGk,4.5,Drama-Science Fiction-Mystery,116.0,4.14
2020-10-15,Annihilation,2018,https://boxd.it/9yzm,3.5,Science Fiction-Horror,115.0,3.57
2020-10-15,Nightcrawler,2014,https://boxd.it/780m,4.5,Crime-Drama-Thriller,118.0,4.04
2020-10-15,John Wick,2014,https://boxd.it/7dEc,4.0,Action-Thriller,101.0,3.84
2020-10-15,Split,2016,https://boxd.it/dgSy,3.5,Fantasy-Drama-Thriller,150.0,3.52
2020-10-15,Gravity,2013,https://boxd.it/GZY,3.5,Science Fiction-Thriller-Drama,91.0,3.51
2020-10-15,The Dark Knight Rises,2012,https://boxd.it/H3m,4.5,Action-Crime-Drama,165.0,3.81
2020-10-15,Shutter Island,2010,https://boxd.it/1U82,4.5,Drama-Thriller-Mystery,138.0,4.18
2020-10-15,The Imitation Game,2014,https://boxd.it/6aig,4.0,History-Drama-Thriller,113.0,3.84
2020-10-15,Jurassic World,2015,https://boxd.it/4n0g,3.0,Action-Adventure-Science Fiction,124.0,3.15
2020-10-15,The Sixth Sense,1999,https://boxd.it/29Js,4.0,Mystery-Thriller-Drama,107.0,4.09
2020-10-15,Train to Busan,2016,https://boxd.it/dSQU,4.5,Horror-Thriller-Action,118.0,3.98
2020-10-15,Terminator 2: Judgment Day,1991,https://boxd.it/2aGY,4.5,Action-Thriller-Science Fiction,137.0,4.29
2020-10-15,The Terminator,1984,https://boxd.it/2aQY,4.0,Action-Thriller-Science Fiction,108.0,3.88
2020-10-15,Ocean's Eleven,2001,https://boxd.it/2aZm,4.0,Thriller-Crime,116.0,3.93
2020-10-15,The Curious Case of Benjamin Button,2008,https://boxd.it/23Fk,4.5,Drama-Fantasy-Romance,166.0,3.69
2020-10-15,The Conjuring,2013,https://boxd.it/4sr2,4.0,Horror-Thriller,112.0,3.62
2020-10-15,Now You See Me,2013,https://boxd.it/2Bsu,3.5,Thriller-Crime,116.0,3.45
2020-10-15,Searching,2018,https://boxd.it/hDPg,3.5,Mystery-Thriller-Drama,102.0,3.71
2020-10-15,World War Z,2013,https://boxd.it/2p2E,3.5,Action-Horror-Science Fiction,116.0,3.21
2020-10-15,Argo,2012,https://boxd.it/2czU,4.0,Drama-Thriller,120.0,3.73
2020-10-15,Rise of the Planet of the Apes,2011,https://boxd.it/cS4,4.0,Thriller-Action-Drama,105.0,3.67
2020-10-15,I Am Legend,2007,https://boxd.it/21DG,3.5,Drama-Science Fiction-Thriller,101.0,3.46
2020-10-15,Upgrade,2018,https://boxd.it/i4gW,4.0,Action-Thriller-Science Fiction,100.0,3.65
2020-10-15,Happy Death Day,2017,https://boxd.it/fDz4,4.0,Comedy-Horror-Mystery,97.0,3.0
2020-10-15,The Bourne Identity,2002,https://boxd.it/26EO,4.0,Action-Drama-Mystery,119.0,3.74
2020-10-15,127 Hours,2010,https://boxd.it/SLa,4.0,Adventure-Drama-Thriller,94.0,3.48
2020-10-15,The Conjuring 2,2016,https://boxd.it/7GJg,3.5,Horror,134.0,3.44
2020-10-15,The Maze Runner,2014,https://boxd.it/5YPM,3.5,Action-Mystery-Science Fiction,113.0,3.53
2020-10-15,X-Men Origins: Wolverine,2009,https://boxd.it/27ug,3.0,Adventure-Action-Science Fiction,107.0,2.55
2020-10-15,Insidious,2010,https://boxd.it/H4k,3.5,Horror-Thriller,102.0,3.24
2020-10-15,Source Code,2011,https://boxd.it/fdo,3.5,Thriller-Science Fiction-Mystery,93.0,3.49
2020-10-15,National Treasure,2004,https://boxd.it/27x0,4.0,Adventure-Action-Thriller,131.0,3.34
2020-10-15,War of the Worlds,2005,https://boxd.it/2bde,3.0,Adventure-Thriller-Science Fiction,117.0,3.34
2020-10-15,Steins;Gate,2011,https://boxd.it/psNE,5.0,,,4.45
2020-10-15,Steins;Gate: The Movie - Load Region of Déjà Vu,2013,https://boxd.it/6FF6,4.0,Science Fiction-Animation-Drama,90.0,3.8
2020-10-15,Primer,2004,https://boxd.it/6YA,2.5,Science Fiction-Drama-Thriller,77.0,3.58
2020-10-15,Extraction,2020,https://boxd.it/jUjA,3.5,Action-Thriller,116.0,3.16
2020-10-15,Elysium,2013,https://boxd.it/2cBm,4.0,Science Fiction-Action-Drama,109.0,2.95
2020-10-15,The Day After Tomorrow,2004,https://boxd.it/2aog,3.0,Science Fiction-Thriller-Adventure,123.0,3.03
2020-10-15,The Visit,2015,https://boxd.it/9ssO,3.5,Horror-Thriller,94.0,3.11
2020-10-15,Predestination,2014,https://boxd.it/6bJM,3.5,Science Fiction-Thriller,98.0,3.57
2020-10-15,Fantastic Four: Rise of the Silver Surfer,2007,https://boxd.it/27Ii,2.5,Science Fiction-Adventure-Action,92.0,2.48
2020-10-15,Following,1998,https://boxd.it/1Tj4,4.0,Drama-Thriller,69.0,3.49
2020-10-15,Get Smart,2008,https://boxd.it/1Tig,3.0,Action-Comedy-Thriller,110.0,2.93
2020-10-15,National Treasure: Book of Secrets,2007,https://boxd.it/21rq,4.0,Action-Adventure-Mystery,124.0,3.01
2020-10-15,San Andreas,2015,https://boxd.it/7sUa,2.5,Action-Drama-Thriller,114.0,2.52
2020-10-15,Insurgent,2015,https://boxd.it/7NNa,2.5,Action-Science Fiction-Thriller,119.0,2.57
2020-10-15,Insidious: Chapter 2,2013,https://boxd.it/3dqc,3.0,Horror-Thriller,106.0,3.06
2020-10-15,Cowboys & Aliens,2011,https://boxd.it/F2G,2.0,Action-Science Fiction-Thriller,119.0,2.36
2020-10-15,Non-Stop,2014,https://boxd.it/6FtO,3.0,Action-Thriller-Mystery,107.0,3.07
2020-10-15,The Invisible Guest,2016,https://boxd.it/euce,4.0,Drama-Mystery-Thriller,107.0,3.94
2020-10-15,Evaru,2019,https://boxd.it/mq76,4.5,Thriller-Crime,118.0,3.58
2020-10-15,9,2009,https://boxd.it/1Scm,4.0,Action-Adventure-Animation,79.0,3.51
2020-10-15,Buried,2010,https://boxd.it/1tXC,3.5,Thriller,95.0,3.32
2020-10-15,The Incredibles,2004,https://boxd.it/1XLm,4.5,Action-Adventure-Animation,115.0,4.07
2020-10-15,Princess Mononoke,1997,https://boxd.it/2b4w,4.0,Adventure-Fantasy-Animation,134.0,4.39
2020-10-15,The Shawshank Redemption,1994,https://boxd.it/2aHi,5.0,Drama-Crime,142.0,4.59
2020-10-15,Pirates of the Caribbean: The Curse of the Black Pearl,2003,https://boxd.it/70G,4.0,Adventure-Fantasy-Action,143.0,4.0
2020-10-15,Inside Out,2015,https://boxd.it/4KHC,4.5,Animation-Family-Adventure,95.0,3.83
2020-10-15,WALL·E,2008,https://boxd.it/1VEo,5.0,Animation-Family-Science Fiction,98.0,4.24
2020-10-15,Who Framed Roger Rabbit,1988,https://boxd.it/29ry,4.0,Fantasy-Animation-Comedy,104.0,3.97
2020-10-15,Lilo & Stitch,2002,https://boxd.it/1TAY,4.0,Animation-Family-Comedy,85.0,4.06
2020-10-15,Bambi,1942,https://boxd.it/25AQ,4.0,Animation-Drama-Family,70.0,3.55
2020-10-15,Spirited Away,2001,https://boxd.it/2b4m,4.5,Animation-Family-Fantasy,125.0,4.44
2020-10-15,The Lion King,1994,https://boxd.it/201Q,4.5,Animation-Family-Drama,89.0,4.23
2020-10-15,Raiders of the Lost Ark,1981,https://boxd.it/2bbs,4.0,Adventure-Action,115.0,4.15
2020-10-15,Beauty and the Beast,1991,https://boxd.it/1XhG,3.0,Romance-Family-Animation,84.0,3.91
2020-10-15,My Neighbor Totoro,1988,https://boxd.it/20eA,4.0,Fantasy-Animation-Family,86.0,4.19
2020-10-15,Back to the Future,1985,https://boxd.it/2b8e,4.5,Adventure-Comedy-Science Fiction,116.0,4.21
2020-10-15,E.T. the Extra-Terrestrial,1982,https://boxd.it/2a1G,4.0,Science Fiction-Adventure-Family,115.0,3.84
2020-10-15,Howl's Moving Castle,2004,https://boxd.it/23De,3.5,Fantasy-Animation-Adventure,119.0,4.36
2020-10-15,Toy Story,1995,https://boxd.it/29qA,4.0,Family-Comedy-Animation,81.0,4.11
2020-10-15,Baby Driver,2017,https://boxd.it/bhF2,4.5,Action-Crime,113.0,3.7
2020-10-15,Happy Death Day 2U,2019,https://boxd.it/ixt6,3.5,Comedy-Horror-Science Fiction,100.0,2.73
2020-10-15,It,2017,https://boxd.it/bC8e,4.5,Horror-Thriller-Drama,135.0,3.46
2020-10-15,It Chapter Two,2019,https://boxd.it/h10u,2.5,Horror-Thriller-Drama,169.0,2.93
2020-10-15,Paddington 2,2017,https://boxd.it/bCF8,4.5,Adventure-Comedy-Family,104.0,4.13
2020-10-15,The Wind Rises,2013,https://boxd.it/4JQS,4.5,Animation-Drama-History,126.0,4.12
2020-10-15,Super Deluxe,2019,https://boxd.it/fjRW,5.0,Comedy-Thriller-Drama,176.0,4.05
2020-10-15,Paddington,2014,https://boxd.it/3RKw,3.5,Comedy-Adventure-Family,95.0,3.8
2020-10-15,Mission: Impossible – Fallout,2018,https://boxd.it/bSVc,4.0,Action-Adventure,147.0,4.0
2020-10-29,Borat: Cultural Learnings of America for Make Benefit Glorious Nation of Kazakhstan,2006,https://boxd.it/2agQ,4.0,Comedy,84.0,3.73
2020-10-29,Coco,2017,https://boxd.it/bYJQ,4.0,Family-Animation-Music,105.0,4.13
2020-10-29,Toy Story 3,2010,https://boxd.it/1WRe,5.0,Animation-Family-Comedy,102.0,4.01
2020-10-29,Up,2009,https://boxd.it/1OEc,4.5,Animation-Comedy-Family,96.0,4.1
2020-10-29,Incredibles 2,2018,https://boxd.it/7IPg,3.5,Action-Adventure-Animation,118.0,3.43
2020-10-29,Toy Story 4,2019,https://boxd.it/9ALu,3.5,Family-Comedy-Animation,100.0,3.31
2020-10-29,Finding Dory,2016,https://boxd.it/4aAA,4.0,Adventure-Animation-Family,97.0,3.27
2020-10-29,Ratatouille,2007,https://boxd.it/27ww,4.5,Animation-Comedy-Family,111.0,4.23
2020-10-29,"Monsters, Inc.",2001,https://boxd.it/2a46,4.5,Animation-Comedy-Family,92.0,4.08
2020-10-29,Toy Story 2,1999,https://boxd.it/29qq,3.5,Animation-Comedy-Family,92.0,3.92
2020-10-29,Cars,2006,https://boxd.it/29ho,3.5,Animation-Adventure-Comedy,117.0,3.9
2020-10-29,Brave,2012,https://boxd.it/bVG,3.5,Animation-Family-Fantasy,93.0,3.47
2020-10-29,A Bug's Life,1998,https://boxd.it/1Yyy,3.0,Family-Animation-Adventure,95.0,3.49
2020-10-29,Cars 3,2017,https://boxd.it/7IPq,3.0,Animation-Family-Drama,102.0,3.11
2020-10-29,Cars 2,2011,https://boxd.it/H4Y,3.0,Animation-Family-Adventure,106.0,3.08
2020-10-29,The Good Dinosaur,2015,https://boxd.it/3AD4,3.5,Adventure-Animation-Family,93.0,2.96
2020-10-29,Monsters University,2013,https://boxd.it/bQm,3.5,Animation-Family,104.0,3.5
2020-10-29,Onward,2020,https://boxd.it/io92,4.5,Animation-Family-Fantasy,102.0,3.33
2020-10-29,3 Idiots,2009,https://boxd.it/1Dsa,4.5,Drama-Comedy,171.0,4.14
2020-10-29,Tumbbad,2018,https://boxd.it/jDZk,4.5,Fantasy-Horror,113.0,3.69
2020-10-29,Hera Pheri,2000,https://boxd.it/1BBO,4.0,Comedy-Crime,156.0,3.84
2020-10-29,Lagaan: Once Upon a Time in India,2001,https://boxd.it/1EII,4.0,Adventure-Drama-History,233.0,3.91
2020-10-29,Dookudu,2011,https://boxd.it/2N9E,4.0,Action-Comedy-Thriller,174.0,3.48
2020-10-29,Adhurs,2010,https://boxd.it/15sq,3.0,Action-Comedy-Drama,150.0,3.44
2020-10-29,Don Seenu,2010,https://boxd.it/xKK,3.0,Comedy-Drama-Action,166.0,3.14
2020-10-29,Rama Rama Krishna Krishna,2010,https://boxd.it/858,2.5,Drama,161.0,3.11
2020-10-29,Darling,2010,https://boxd.it/8TM,4.0,Drama-Romance,152.0,3.51
2020-10-29,King,2008,https://boxd.it/2pKm,3.5,Documentary,94.0,3.21
2020-10-29,Don,2007,https://boxd.it/1Vc,2.5,Drama-Action-Comedy,145.0,3.07
2020-10-29,Vikramarkudu,2006,https://boxd.it/10Ec,3.5,Action-Drama,161.0,3.59
2020-10-29,Gaganam,2011,https://boxd.it/hkw,4.0,Action-Drama-Thriller,131.0,3.43
2020-10-29,Kick,2009,https://boxd.it/f8y,4.5,Action-Comedy-Thriller,155.0,3.75
2020-10-29,Chatrapathi,2005,https://boxd.it/2KOa,4.0,Drama-Action,158.0,3.55
2020-10-29,Athadu,2005,https://boxd.it/18T0,4.5,Action-Thriller-Family,175.0,3.99
2020-10-29,Anniyan,2005,https://boxd.it/1Egu,4.5,Action-Drama-Thriller,181.0,3.87
2020-10-29,Enthiran,2010,https://boxd.it/4Hgo,4.0,Action-Science Fiction-Adventure,176.0,3.45
2020-10-29,Nuvvostanante Nenoddantana,2005,https://boxd.it/2zyq,4.0,Drama-Comedy-Romance,165.0,4.03
2020-10-29,Bommarillu,2006,https://boxd.it/1iG6,4.0,Drama-Romance,168.0,3.98
2020-10-29,Mirchi,2013,https://boxd.it/5pUW,4.0,Action-Drama,154.0,3.5
2020-10-29,Okkadu,2003,https://boxd.it/3iHC,4.0,Action-Drama-Romance,170.0,3.8
2020-10-29,Ye Maaya Chesave,2010,https://boxd.it/8Rw,3.0,Romance-Drama,162.0,3.49
2020-10-29,Jayam,2002,https://boxd.it/6Hqi,3.5,,152.0,3.34
2020-11-06,The Truman Show,1998,https://boxd.it/18U8,5.0,Comedy-Drama,103.0,4.22
2020-11-06,Game Night,2018,https://boxd.it/fRtu,3.5,Mystery-Comedy-Crime,100.0,3.51
2020-11-06,Hot Fuzz,2007,https://boxd.it/2416,4.5,Crime-Action-Comedy,121.0,4.08
2020-11-06,A Quiet Place,2018,https://boxd.it/fVJQ,4.5,Horror-Drama-Science Fiction,91.0,3.64
2020-11-06,Shaun of the Dead,2004,https://boxd.it/29J8,4.5,Horror-Comedy,99.0,3.94
2020-11-06,The World's End,2013,https://boxd.it/3EiO,4.0,Comedy-Action-Science Fiction,109.0,3.62
2020-11-06,1917,2019,https://boxd.it/jj4y,4.5,War-History-Drama,119.0,4.12
2020-11-06,Dunkirk,2017,https://boxd.it/d0Y6,4.5,War-Action-Drama,107.0,3.77
2021-01-10,Soul,2020,https://boxd.it/ioLA,5.0,Animation-Family-Drama,101.0,3.94
2021-01-10,Mad Max: Fury Road,2015,https://boxd.it/2DjO,4.0,Action-Adventure-Science Fiction,121.0,4.17
2021-01-14,Gunjan Saxena: The Kargil Girl,2020,https://boxd.it/nYIM,2.0,Action-Drama,112.0,3.26
2021-01-14,Soorarai Pottru,2020,https://boxd.it/lWrq,4.5,Drama-Action,149.0,3.82
2021-01-14,Ayyappanum Koshiyum,2020,https://boxd.it/otGi,5.0,Action-Thriller-Crime,177.0,3.81
2021-01-14,Tenet,2020,https://boxd.it/leq4,3.5,Action-Thriller-Science Fiction,150.0,3.44
2021-01-14,Weathering with You,2019,https://boxd.it/kPxE,3.5,Animation-Drama-Fantasy,112.0,3.7
2021-01-14,Isle of Dogs,2018,https://boxd.it/dZrW,4.5,Adventure-Comedy-Animation,101.0,4.06
2021-01-14,Fantastic Mr. Fox,2009,https://boxd.it/1WyQ,5.0,Adventure-Animation-Comedy,87.0,4.3
2021-01-14,Shrek,2001,https://boxd.it/29zi,4.0,Animation-Comedy-Fantasy,90.0,4.12
2021-01-14,Shrek 2,2004,https://boxd.it/29z8,4.0,Animation-Family-Comedy,92.0,4.12
2021-01-14,Donnie Darko,2001,https://boxd.it/2b2A,3.5,Fantasy-Drama-Mystery,114.0,3.97
2021-01-14,Guardians of the Galaxy,2014,https://boxd.it/3VH2,4.5,Action-Science Fiction-Adventure,121.0,3.83
2021-01-14,The Martian,2015,https://boxd.it/8SeG,4.5,Science Fiction-Drama-Adventure,141.0,3.8
2021-01-14,Forrest Gump,1994,https://boxd.it/728,5.0,Comedy-Drama-Romance,142.0,4.17
2021-01-14,Kingsman: The Secret Service,2014,https://boxd.it/6dxe,4.0,Crime-Comedy-Action,129.0,3.75
2021-01-14,X-Men: Apocalypse,2016,https://boxd.it/7eJi,2.5,Science Fiction-Fantasy-Action,144.0,2.66
2021-01-14,Iron Man,2008,https://boxd.it/28dA,4.5,Action-Science Fiction-Adventure,126.0,3.78
2021-01-14,The Incredible Hulk,2008,https://boxd.it/28dU,3.5,Science Fiction-Action-Adventure,114.0,2.54
2021-01-14,Iron Man 2,2010,https://boxd.it/1WZM,3.0,Adventure-Action-Science Fiction,124.0,3.0
2021-01-14,Thor,2011,https://boxd.it/1WQU,4.0,Adventure-Fantasy-Action,115.0,2.85
2021-01-14,Captain America: The First Avenger,2011,https://boxd.it/28b0,3.0,Action-Adventure-Science Fiction,124.0,3.34
2021-01-14,Captain America: The Winter Soldier,2014,https://boxd.it/3r58,4.0,Action-Adventure-Science Fiction,136.0,3.76
2021-01-14,Thor: The Dark World,2013,https://boxd.it/2DqA,2.5,Action-Adventure-Fantasy,112.0,2.29
2021-01-14,Iron Man 3,2013,https://boxd.it/2cBQ,4.5,Action-Adventure-Science Fiction,130.0,3.09
2021-01-14,The Avengers,2012,https://boxd.it/1xFW,4.5,Science Fiction-Action-Adventure,143.0,3.72
2021-01-14,Avengers: Age of Ultron,2015,https://boxd.it/3qi6,3.0,Action-Adventure-Science Fiction,141.0,3.25
2021-01-14,Ant-Man,2015,https://boxd.it/3vmW,3.5,Science Fiction-Adventure-Action,117.0,3.21
2021-01-14,Captain America: Civil War,2016,https://boxd.it/89Ja,4.5,Adventure-Action-Science Fiction,147.0,3.65
2021-01-14,Doctor Strange,2016,https://boxd.it/8MH8,4.5,Fantasy-Adventure-Action,115.0,3.48
2021-01-14,Guardians of the Galaxy Vol. 2,2017,https://boxd.it/8MxC,4.5,Science Fiction-Adventure-Action,137.0,3.58
2021-01-14,Ant-Man and the Wasp,2018,https://boxd.it/cqUW,3.0,Action-Adventure-Science Fiction,119.0,2.82
2021-01-14,Thor: Ragnarok,2017,https://boxd.it/8MHi,5.0,Action-Science Fiction-Comedy,131.0,3.7
2021-01-14,Spider-Man: Homecoming,2017,https://boxd.it/aboM,3.0,Action-Adventure-Science Fiction,133.0,3.48
2021-01-14,Captain Marvel,2019,https://boxd.it/9vSA,3.0,Action-Adventure-Science Fiction,124.0,2.62
2021-01-14,Spider-Man: Far From Home,2019,https://boxd.it/fegG,4.0,Action-Adventure-Science Fiction,129.0,3.4
2021-01-14,Avengers: Infinity War,2018,https://boxd.it/9vEe,5.0,Adventure-Action-Science Fiction,149.0,4.04
2021-01-14,Harry Potter and the Philosopher's Stone,2001,https://boxd.it/29QS,4.0,Adventure-Fantasy,152.0,3.82
2021-01-14,Harry Potter and the Chamber of Secrets,2002,https://boxd.it/29QI,3.0,Adventure-Fantasy,161.0,3.64
2021-01-14,Harry Potter and the Prisoner of Azkaban,2004,https://boxd.it/29Qy,4.5,Adventure-Fantasy,141.0,4.14
2021-01-14,Harry Potter and the Goblet of Fire,2005,https://boxd.it/29Qo,3.0,Adventure-Fantasy,157.0,3.88
2021-01-14,Harry Potter and the Half-Blood Prince,2009,https://boxd.it/29FU,3.5,Adventure-Fantasy,153.0,3.74
2021-01-14,Harry Potter and the Order of the Phoenix,2007,https://boxd.it/29Qe,3.0,Adventure-Fantasy,138.0,3.7
2021-01-14,Harry Potter and the Deathly Hallows: Part 1,2010,https://boxd.it/1RYu,3.5,Adventure-Fantasy,146.0,3.74
2021-01-14,Harry Potter and the Deathly Hallows: Part 2,2011,https://boxd.it/1RYk,4.0,Adventure-Fantasy,130.0,4.02
2021-01-14,Fantastic Beasts and Where to Find Them,2016,https://boxd.it/7FPC,2.5,Fantasy-Adventure,133.0,3.18
2021-01-14,Jurassic Park,1993,https://boxd.it/2aA2,4.5,Adventure-Science Fiction,127.0,4.12
2021-01-15,Interstellar,2014,https://boxd.it/4VZ8,5.0,Adventure-Drama-Science Fiction,169.0,4.44
2021-01-15,The Prestige,2006,https://boxd.it/293w,5.0,Drama-Mystery-Science Fiction,130.0,4.28
2021-01-15,Batman Begins,2005,https://boxd.it/2aIg,4.5,Drama-Crime-Action,140.0,3.84
2021-01-15,Inception,2010,https://boxd.it/1skk,4.5,Action-Science Fiction-Adventure,148.0,4.23
2021-01-15,Eega,2012,https://boxd.it/4HhQ,4.5,Fantasy-Action,145.0,3.85
2021-01-15,Jallikattu,2019,https://boxd.it/kHjO,4.0,Action-Thriller-Crime,95.0,3.64
2021-01-15,Bāhubali 2: The Conclusion,2017,https://boxd.it/bMfO,4.5,Action-Adventure-Fantasy,167.0,3.83
2021-01-15,Bāhubali: The Beginning,2015,https://boxd.it/7y2y,4.5,Action-Drama,159.0,3.53
2021-01-15,Like Stars on Earth,2007,https://boxd.it/20SA,5.0,Drama,162.0,4.04
2021-01-15,Munna Bhai M.B.B.S.,2003,https://boxd.it/1ENy,4.5,Comedy-Drama,156.0,3.73
2021-01-15,Talvar,2015,https://boxd.it/bTxg,5.0,Thriller-Drama-Mystery,132.0,3.8
2021-01-15,Zindagi Na Milegi Dobara,2011,https://boxd.it/efo,5.0,Drama-Comedy-Romance,154.0,3.99
2021-01-15,Shahid,2012,https://boxd.it/4c5Y,4.5,Drama-Crime,129.0,3.85
2021-01-15,Dil Chahta Hai,2001,https://boxd.it/1Nsk,4.5,Drama-Romance,183.0,3.67
2021-01-15,Piku,2015,https://boxd.it/aXUc,4.0,Comedy-Drama,123.0,3.83
2021-01-15,Barfi!,2012,https://boxd.it/4aL4,5.0,Drama-Romance-Comedy,151.0,3.86
2021-01-15,Chak De! India,2007,https://boxd.it/1ODI,4.0,Drama,148.0,3.78
2021-01-15,Trapped,2017,https://boxd.it/fj8i,4.5,Documentary,28.0,3.54
2021-01-15,Andhadhun,2018,https://boxd.it/jtfc,5.0,Crime-Mystery-Thriller,139.0,3.9
2021-01-15,Gully Boy,2019,https://boxd.it/hHXo,5.0,Drama-Music,156.0,3.7
2021-01-15,October,2018,https://boxd.it/hUvi,4.5,Drama-Romance,109.0,3.67
2021-01-15,Newton,2017,https://boxd.it/fBbO,5.0,Comedy-Drama,106.0,3.64
2021-01-15,War,2019,https://boxd.it/lwH8,3.5,Action-Thriller-Adventure,152.0,3.01
2021-01-15,Petta,2019,https://boxd.it/jtnK,4.5,Action,172.0,3.38
2021-01-15,Asuran,2019,https://boxd.it/lbR2,5.0,Action-Drama,141.0,3.96
2021-01-15,Jersey,2019,https://boxd.it/lQjU,5.0,Drama,160.0,4.03
2021-01-15,Brochevarevarura,2019,https://boxd.it/mBiE,4.0,Thriller-Crime,122.0,3.8
2021-01-15,Oh! Baby,2019,https://boxd.it/mpKG,3.5,Comedy-Drama-Fantasy,157.0,3.3
2021-01-15,Lucifer,2019,https://boxd.it/kHxw,4.0,Action-Drama-Thriller,174.0,3.51
2021-01-15,Kumbalangi Nights,2019,https://boxd.it/l8wA,5.0,Comedy-Drama-Romance,135.0,4.19
2021-01-15,Dear Comrade,2019,https://boxd.it/kEOE,3.5,Drama-Action-Romance,122.0,3.2
2021-01-15,Gaddalakonda Ganesh,2019,https://boxd.it/mA5E,3.0,Action-Thriller,173.0,3.05
2021-01-15,Kaithi,2019,https://boxd.it/lBLY,5.0,Action-Thriller-Crime,147.0,3.96
2021-01-15,Agent Sai Srinivasa Athreya,2019,https://boxd.it/mygg,4.5,Crime-Comedy-Mystery,144.0,3.77
2021-01-15,Article 15,2019,https://boxd.it/m0mO,4.0,Crime-Drama-Thriller,130.0,3.66
2021-01-15,Lage Raho Munna Bhai,2006,https://boxd.it/1BRs,4.0,Comedy-Drama-Romance,144.0,3.54
2021-01-19,Yamadonga,2007,https://boxd.it/2FcU,3.0,Fantasy-Action-Comedy,178.0,3.36
2021-01-19,Maryada Ramanna,2010,https://boxd.it/tuI,3.0,Comedy-Action-Drama,125.0,3.74
2021-01-19,Magadheera,2009,https://boxd.it/1yMa,3.5,Action,164.0,3.8
2021-01-19,Sye,2004,https://boxd.it/36Ka,4.5,Drama-Action,167.0,3.42
2021-01-19,Khaleja,2010,https://boxd.it/nKK,4.0,Action-Fantasy-Comedy,163.0,3.82
2021-01-19,Ala Vaikunthapurramuloo,2020,https://boxd.it/ngUk,3.5,Action-Comedy-Drama,165.0,3.3
2021-01-19,Nuvve... Nuvve...,2002,https://boxd.it/2SEC,3.0,Family-Drama-Romance,161.0,3.52
2021-01-19,Jalsa,2008,https://boxd.it/2vs4,3.5,Action-Comedy,161.0,3.66
2021-01-19,Atharintiki Daaredi,2013,https://boxd.it/6Dmw,3.5,Action-Comedy-Drama,169.0,3.4
2021-01-19,Julayi,2012,https://boxd.it/48eC,4.0,Action-Comedy-Crime,160.0,3.54
2021-01-19,Son of Satyamurthy,2015,https://boxd.it/b0uw,3.0,Drama-Action-Comedy,162.0,3.28
2021-01-19,A Aa,2016,https://boxd.it/cVkA,3.0,Family-Comedy-Romance,152.0,3.22
2021-01-19,Agnyaathavaasi,2018,https://boxd.it/hRDo,2.0,Drama-Action,158.0,2.32
2021-01-19,Due Date,2010,https://boxd.it/YFs,3.5,Comedy-Drama,95.0,2.92
2021-01-19,TRON: Legacy,2010,https://boxd.it/1Dlo,4.0,Adventure-Action-Science Fiction,126.0,3.28
2021-01-19,Superbad,2007,https://boxd.it/20hO,4.5,Comedy,113.0,3.89
2021-01-19,The Interview,2014,https://boxd.it/6KQ4,2.5,Action-Comedy,112.0,3.07
2021-01-19,Paul,2011,https://boxd.it/13uE,3.0,Adventure-Comedy-Science Fiction,104.0,3.12
2021-01-19,1: Nenokkadine,2014,https://boxd.it/7jOs,4.5,Action-Thriller-Mystery,176.0,3.52
2021-01-19,Sarileru Neekevvaru,2020,https://boxd.it/mq7K,2.5,Action,169.0,2.37
2021-01-19,Bharat Ane Nenu,2018,https://boxd.it/i7KA,4.5,Drama-Action,173.0,3.05
2021-01-19,Spyder,2017,https://boxd.it/g8vW,3.0,Action-Thriller-Crime,145.0,2.53
2021-01-19,Maharshi,2019,https://boxd.it/jKog,3.0,Drama-Action,176.0,2.79
2021-01-19,Pokiri,2006,https://boxd.it/1ziK,4.5,Action-Thriller-Crime,163.0,3.89
2021-01-19,Srimanthudu,2015,https://boxd.it/bTA0,4.5,Action-Drama,163.0,3.24
2021-01-19,Businessman,2012,https://boxd.it/2WYm,3.5,Action-Crime,133.0,3.38
2021-01-19,Seethamma Vakitlo Sirimalle Chettu,2013,https://boxd.it/5PiO,4.5,Family-Drama,159.0,3.65
2021-01-19,Aagadu,2014,https://boxd.it/9hV6,2.0,Action-Comedy-Drama,165.0,2.57
2021-01-19,Brahmotsavam,2016,https://boxd.it/cSOM,1.5,Family-Drama,156.0,2.18
2021-01-19,Baadshah,2013,https://boxd.it/5xu8,3.0,Action-Comedy,155.0,3.04
2021-01-19,Arjun,2004,https://boxd.it/2P7U,3.5,Action-Drama,166.0,3.2
2021-01-19,Race Gurram,2014,https://boxd.it/7N6A,4.0,Comedy-Action,162.0,3.61
2021-01-19,Aarya 2,2009,https://boxd.it/1djG,3.5,Romance-Comedy-Action,155.0,3.4
2021-01-19,Sarrainodu,2016,https://boxd.it/d1BC,3.0,Action-Drama,161.0,2.86
2021-01-19,Naa Peru Surya - Naa Illu India,2018,https://boxd.it/i442,3.0,Action-Drama,168.0,2.66
2021-01-19,Rudhramadevi,2015,https://boxd.it/a9Zm,2.5,History-Action-Drama,165.0,2.66
2021-01-19,Aarya,2004,https://boxd.it/2Pgi,4.0,Romance-Drama,151.0,3.46
2021-01-19,Yevadu,2014,https://boxd.it/6prM,2.5,Action-Thriller,166.0,2.91
2021-01-19,Iddarammayilatho,2013,https://boxd.it/5XOo,2.0,Action-Romance,138.0,2.84
2021-01-19,Badrinath,2011,https://boxd.it/2GUI,2.0,Action-Drama-Romance,140.0,2.56
2021-01-19,Parugu,2008,https://boxd.it/1yNs,4.0,Romance-Comedy-Family,173.0,3.3
2021-01-19,Desamuduru,2007,https://boxd.it/3Tsu,2.0,Action-Romance,142.0,3.06
2021-01-19,Shankar Dada Zindabad,2007,https://boxd.it/60g,3.0,Drama-Comedy,142.0,3.06
2021-01-19,Varudu,2010,https://boxd.it/7c7c,1.5,Action,147.0,2.45
2021-01-19,Sye Raa Narasimha Reddy,2019,https://boxd.it/hU9w,3.0,Drama-History-War,169.0,2.87
2021-01-19,Gopala Gopala,2015,https://boxd.it/8xUG,3.0,Comedy-Romance-Fantasy,153.0,3.19
2021-01-19,Sardaar Gabbar Singh,2016,https://boxd.it/cTUm,2.0,Comedy-Action,163.0,2.51
2021-01-19,Khushi,2001,https://boxd.it/2PAi,4.0,Drama-Romance-Comedy,169.0,3.77
2021-01-19,Panjaa,2011,https://boxd.it/2OgG,3.5,Action,156.0,3.22
2021-01-19,Gabbar Singh,2012,https://boxd.it/3KKu,4.0,Action-Comedy,153.0,3.37
2021-01-19,Katamarayudu,2017,https://boxd.it/fFzq,3.0,Action-Family,149.0,2.71
2021-01-19,Teen Maar,2011,https://boxd.it/8Zq,2.5,Drama,150.0,3.03
2021-01-19,Thammudu,1999,https://boxd.it/60VW,5.0,Drama-Action,160.0,3.53
2021-01-19,Tholi Prema,1998,https://boxd.it/3Mpe,4.0,Romance-Drama-Comedy,136.0,3.61
2021-01-19,iSmart Shankar,2019,https://boxd.it/muXg,2.0,Action-Science Fiction-Thriller,141.0,2.66
2021-01-19,Nenu.. Sailaja...,2016,https://boxd.it/d6EG,3.0,Comedy-Romance,135.0,3.22
2021-01-19,Endukante Premanta,2012,https://boxd.it/4Q18,3.0,Romance-Comedy-Drama,155.0,3.14
2021-01-19,Vunnadhi Okate Zindagi,2017,https://boxd.it/houC,2.5,Romance-Drama,149.0,3.05
2021-01-19,Hello Guru Prema Kosame,2018,https://boxd.it/iKSS,3.0,Romance-Family,145.0,3.11
2021-01-19,Ready,2008,https://boxd.it/2vrq,3.5,Documentary,44.0,3.53
2021-01-19,Kandireega,2011,https://boxd.it/358O,3.0,Romance-Comedy-Drama,130.0,3.16
2021-01-19,Hyper,2016,https://boxd.it/eOfC,2.0,Romance-Action-Family,144.0,2.86
2021-01-19,Pandaga Chesko,2015,https://boxd.it/byb4,2.0,Romance-Drama-Family,162.0,2.88
2021-01-19,Masala,2013,https://boxd.it/7Rw8,2.5,Action-Comedy-Drama,140.0,2.81
2021-01-19,Ongole Githa,2013,https://boxd.it/61hI,2.5,Action-Comedy,160.0,2.83
2021-01-19,Shivam,2015,https://boxd.it/9Q2q,2.0,Thriller,152.0,2.83
2021-01-19,Karwaan,2018,https://boxd.it/jp58,4.5,Adventure-Comedy,125.0,3.6
2021-01-19,Ustad Hotel,2012,https://boxd.it/3UNy,4.0,Drama-Comedy,150.0,3.97
2021-01-19,Kannum Kannum Kollaiyadithaal,2020,https://boxd.it/iij6,4.0,Romance-Comedy-Drama,162.0,3.4
2021-01-19,Mahanati,2018,https://boxd.it/grck,5.0,Drama-History,176.0,3.91
2021-01-19,Varane Avashyamund,2020,https://boxd.it/oydU,4.0,Comedy-Family-Romance,145.0,3.18
2021-01-19,Maari 2,2018,https://boxd.it/hMlu,3.0,Action-Comedy,150.0,2.61
2021-01-19,Maari,2015,https://boxd.it/9ZFw,3.0,Action,138.0,3.13
2021-01-19,Velaiyilla Pattathari 2,2017,https://boxd.it/ghpe,3.0,Action-Comedy,129.0,2.48
2021-01-19,Velaiyilla Pattathari,2014,https://boxd.it/7OWi,4.5,Drama-Comedy-Action,133.0,4.0
2021-01-19,Saaho,2019,https://boxd.it/gdaa,3.0,Action-Adventure-Thriller,171.0,2.42
2021-01-19,Mr. Perfect,2011,https://boxd.it/8ZA,3.0,Romance-Comedy,146.0,3.33
2021-01-19,Billa,2009,https://boxd.it/1yOA,3.0,Action-Thriller,149.0,3.08
2021-01-19,24,2016,https://boxd.it/cKPi,4.5,Action-Science Fiction-Thriller,164.0,3.55
2021-01-19,Singam,2010,https://boxd.it/axI,3.0,Action-Comedy-Crime,154.0,3.27
2021-01-19,Ayan,2009,https://boxd.it/1E94,4.0,Action-Romance-Comedy,162.0,3.84
2021-01-19,Thaanaa Serndha Koottam,2018,https://boxd.it/fmzc,4.0,Crime-Action-Comedy,138.0,2.68
2021-01-19,Si 3,2017,https://boxd.it/d5cm,3.0,Crime-Action,155.0,2.22
2021-01-19,Singam 2,2013,https://boxd.it/5N2a,3.0,Action-Comedy-Crime,166.0,2.85
2021-01-19,7Aum Arivu,2011,https://boxd.it/357Q,2.5,Action-Science Fiction-Thriller,168.0,3.31
2021-01-19,Maattrraan,2012,https://boxd.it/4tIe,2.5,Action-Thriller,168.0,2.99
2021-01-19,Massu Engira Maasilamani,2015,https://boxd.it/aM7y,2.5,Comedy-Thriller-Horror,151.0,2.53
2021-01-19,Awe!,2018,https://boxd.it/i4l8,4.5,Romance-Action-Drama,115.0,3.38
2021-01-19,Yavade Subramanyam,2015,https://boxd.it/aXTy,4.5,Adventure-Comedy-Drama,160.0,3.53
2021-01-19,Ninnu Kori,2017,https://boxd.it/gEcW,4.0,Comedy-Romance-Family,135.0,3.52
2021-01-19,Nani's Gang Leader,2019,https://boxd.it/mDD0,4.0,Comedy-Crime-Thriller,155.0,3.54
2021-01-19,M.C.A,2017,https://boxd.it/htJM,3.0,Action-Comedy-Family,143.0,2.76
2021-01-19,Nenu Local,2017,https://boxd.it/fBb0,2.5,Action-Comedy,150.0,3.01
2021-01-19,Gentleman,2016,https://boxd.it/e23e,3.5,Romance-Thriller,152.0,3.31
2021-01-19,Ala Modalaindi,2011,https://boxd.it/nHG,4.5,Romance-Drama,136.0,3.57
2021-01-19,Krishna Gaadi Veera Prema Gaadha,2016,https://boxd.it/doCo,4.0,Romance-Comedy-Action,145.0,3.41
2021-01-19,Bhale Bhale Magadivoy,2015,https://boxd.it/cJD6,4.5,Romance-Comedy,145.0,3.48
2021-01-19,Devadas,2018,https://boxd.it/k7Kk,3.5,Action-Comedy-Drama,124.0,3.03
2021-01-19,Krishnarjuna Yudham,2018,https://boxd.it/i4r6,2.5,Thriller-Action-Romance,158.0,2.89
2021-01-19,Majnu,2016,https://boxd.it/epDu,2.5,Comedy-Romance,138.0,3.11
2021-01-19,Yeto Vellipoyindhi Manasu,2012,https://boxd.it/4IRA,3.0,Romance-Drama,153.0,3.31
2021-01-19,Ashta Chamma,2008,https://boxd.it/2PeQ,4.5,Family-Romance-Drama,126.0,3.64
2021-01-19,Jyo Achyutananda,2016,https://boxd.it/eKZQ,3.5,Drama-Comedy-Romance,123.0,3.19
2021-01-19,Dongata,2015,https://boxd.it/dhPU,4.0,Comedy-Thriller,130.0,3.12
2021-01-19,Nannaku Prematho...,2016,https://boxd.it/cDnG,4.0,Action,168.0,3.2
2021-01-19,Temper,2015,https://boxd.it/aC9a,3.5,Action-Drama-Crime,147.0,3.28
2021-01-19,Janatha Garage,2016,https://boxd.it/ehpu,4.0,Action-Drama,165.0,3.03
2021-01-19,Jai Lava Kusa,2017,https://boxd.it/3tnS,4.0,Action-Thriller,150.0,3.03
2021-01-19,Brindavanam,2010,https://boxd.it/nLo,3.0,Action-Romance-Drama,170.0,3.25
2021-01-19,Oosaravelli,2011,https://boxd.it/2N8Q,3.5,Action-Thriller,161.0,3.06
2021-01-19,Rabhasa,2014,https://boxd.it/9QGK,2.0,Action-Comedy,153.0,2.55
2021-01-19,Shakti,2011,https://boxd.it/904,1.0,Action-Fantasy,161.0,2.45
2021-01-19,Ramayya Vasthavayya,2013,https://boxd.it/6HMy,1.5,Drama-Action,166.0,2.57
2021-01-19,Dhruva,2016,https://boxd.it/etYQ,4.5,Crime-Thriller-Action,165.0,3.39
2021-01-19,Rangasthalam,2018,https://boxd.it/gu8K,5.0,Action-Drama,179.0,3.82
2021-01-19,Bruce Lee: The Fighter,2015,https://boxd.it/cBgo,2.5,Romance-Action-Drama,151.0,2.62
2021-01-19,Khaidi No. 150,2017,https://boxd.it/exjs,3.0,Action-Romance-Thriller,147.0,2.8
2021-01-19,Vinaya Vidheya Rama,2019,https://boxd.it/kLG8,1.0,Action-Drama,146.0,1.99
2021-01-19,Orange,2010,https://boxd.it/m0c,3.5,Comedy-Romance,162.0,3.17
2021-01-19,Rachcha,2012,https://boxd.it/40ja,2.0,Action-Drama-Romance,145.0,2.66
2021-01-19,Govindudu Andarivaadele,2014,https://boxd.it/9m0E,2.0,Drama-Family,160.0,2.66
2021-01-19,Naayak,2013,https://boxd.it/5yZG,3.0,Action-Drama,160.0,2.88
2021-01-19,Chirutha,2007,https://boxd.it/2YwO,2.5,Action-Romance-Drama,144.0,2.88
2021-01-19,Pirates of the Caribbean: Dead Man's Chest,2006,https://boxd.it/2bfk,3.5,Adventure-Fantasy-Action,151.0,3.75
2021-01-19,Pirates of the Caribbean: At World's End,2007,https://boxd.it/2aGu,3.5,Adventure-Fantasy-Action,169.0,3.6
2021-01-19,Pirates of the Caribbean: On Stranger Tides,2011,https://boxd.it/27Z4,3.0,Adventure-Action-Fantasy,136.0,2.95
2021-01-19,Pirates of the Caribbean: Dead Men Tell No Tales,2017,https://boxd.it/5a9m,2.5,Adventure-Action-Fantasy,129.0,2.76
2021-01-27,Man of Steel,2013,https://boxd.it/FRk,3.0,Action-Adventure-Science Fiction,143.0,3.05
2021-01-27,Aquaman,2018,https://boxd.it/9ru0,3.5,Action-Adventure-Fantasy,143.0,2.77
2021-01-27,Shazam!,2019,https://boxd.it/8WBu,4.0,Action-Comedy-Fantasy,132.0,3.01
2021-01-27,Wonder Woman,2017,https://boxd.it/9roG,4.0,Action-Adventure-Fantasy,141.0,3.19
2021-01-27,Justice League,2017,https://boxd.it/4w68,2.0,Action-Adventure-Science Fiction,120.0,1.99
2021-01-28,2.0,2018,https://boxd.it/cXRm,2.5,Action-Science Fiction-Fantasy,149.0,2.33
2021-01-28,Kaala,2018,https://boxd.it/gp6O,4.0,Action-Crime-Drama,166.0,3.29
2021-01-28,Ra.One,2011,https://boxd.it/ZbS,3.0,Adventure-Action-Science Fiction,156.0,2.74
2021-01-28,Darbar,2020,https://boxd.it/lT1O,3.0,Action-Drama-Thriller,159.0,2.29
2021-01-28,Kabali,2016,https://boxd.it/cFDQ,3.0,Action-Crime-Drama,150.0,2.93
2021-01-28,Sivaji: The Boss,2007,https://boxd.it/1yq4,3.0,Action-Drama,189.0,3.62
2021-01-28,Padayappa,1999,https://boxd.it/JvC,4.0,Drama-Action,172.0,3.93
2021-01-28,Lingaa,2014,https://boxd.it/9xZe,1.5,Action-Comedy-Drama,174.0,2.22
2021-01-28,Student Of The Year,2012,https://boxd.it/4rkY,2.0,Comedy-Drama-Romance,146.0,2.87
2021-01-28,Badrinath Ki Dulhania,2017,https://boxd.it/eAxM,2.5,Drama-Comedy-Romance,139.0,2.82
2021-01-28,Sui Dhaaga - Made in India,2018,https://boxd.it/hU5u,4.0,Comedy-Drama-Family,150.0,3.21
2021-01-28,Judwaa 2,2017,https://boxd.it/giOk,1.0,Action-Comedy-Romance,150.0,1.98
2021-01-28,Main Tera Hero,2014,https://boxd.it/7OMs,1.5,Romance-Comedy,128.0,2.47
2021-01-28,ABCD 2,2015,https://boxd.it/bafm,2.5,Drama,154.0,2.55
2021-01-28,Dishoom,2016,https://boxd.it/dKVW,2.5,Comedy-Action,120.0,2.45
2021-01-28,Street Dancer 3D,2020,https://boxd.it/nW4g,3.0,Drama,146.0,2.25
2021-01-28,Indiana Jones and the Last Crusade,1989,https://boxd.it/2baO,4.5,Adventure-Action,127.0,4.1
2021-01-28,Indiana Jones and the Kingdom of the Crystal Skull,2008,https://boxd.it/2aR8,2.5,Adventure-Action,122.0,2.78
2021-01-28,Ready Player One,2018,https://boxd.it/aZes,4.5,Adventure-Action-Science Fiction,140.0,3.34
2021-01-28,The Adventures of Tintin,2011,https://boxd.it/1Irc,5.0,Adventure-Animation-Mystery,107.0,3.66
2021-01-28,Hook,1991,https://boxd.it/29nQ,3.5,Adventure-Fantasy-Comedy,142.0,3.46
2021-01-28,Despicable Me,2010,https://boxd.it/1DD8,4.0,Family-Comedy-Animation,95.0,3.64
2021-01-28,Minions,2015,https://boxd.it/6jCO,3.0,Family-Animation-Adventure,91.0,3.04
2021-01-28,Despicable Me 3,2017,https://boxd.it/azpu,3.0,Action-Animation-Comedy,90.0,2.66
2021-01-28,Despicable Me 2,2013,https://boxd.it/3gg0,4.0,Animation-Comedy-Family,98.0,3.29
2021-01-28,Horton Hears a Who!,2008,https://boxd.it/1SfA,4.0,Animation-Comedy-Family,86.0,3.13
2021-01-28,Evan Almighty,2007,https://boxd.it/26s4,3.0,Fantasy-Comedy-Family,96.0,2.49
2021-01-28,The Lorax,2012,https://boxd.it/2w9M,3.5,Animation-Family,86.0,3.34
2021-01-28,The Grinch,2018,https://boxd.it/chpK,2.5,Family-Comedy-Animation,85.0,3.03
2021-01-28,The Secret Life of Pets 2,2019,https://boxd.it/ewPM,4.0,Family-Comedy-Adventure,86.0,2.62
2021-01-28,The Secret Life of Pets,2016,https://boxd.it/aJ5E,4.0,Family-Comedy-Adventure,86.0,2.87
2021-01-28,Sing,2016,https://boxd.it/b5EQ,4.5,Animation-Music-Comedy,108.0,3.16
2021-01-28,Hop,2011,https://boxd.it/DQa,3.0,Animation-Comedy-Family,95.0,2.32
2021-01-28,Kung Fu Panda,2008,https://boxd.it/1Yws,4.5,Animation-Family-Drama,90.0,3.92
2021-01-28,Kung Fu Panda 2,2011,https://boxd.it/G36,4.5,Animation-Family-Comedy,91.0,3.76
2021-01-28,Kung Fu Panda 3,2016,https://boxd.it/4uRQ,3.5,Animation-Action-Adventure,95.0,3.29
2021-01-28,Bee Movie,2007,https://boxd.it/22Vw,3.0,Family-Animation-Adventure,91.0,2.99
2021-01-28,Madagascar,2005,https://boxd.it/29dc,3.0,Animation-Adventure-Comedy,86.0,3.61
2021-01-28,Madagascar: Escape 2 Africa,2008,https://boxd.it/1W2K,3.0,Adventure-Animation-Comedy,89.0,3.25
2021-01-28,Madagascar 3: Europe's Most Wanted,2012,https://boxd.it/2NF6,3.0,Animation-Family-Comedy,93.0,3.12
2021-01-28,Shrek the Third,2007,https://boxd.it/29yY,2.5,Fantasy-Adventure-Animation,93.0,2.97
2021-01-28,Shrek Forever After,2010,https://boxd.it/1WRo,2.5,Comedy-Adventure-Fantasy,93.0,3.0
2021-01-28,Megamind,2010,https://boxd.it/16Sk,4.0,Animation-Action-Comedy,96.0,3.76
2021-01-28,Puss in Boots,2011,https://boxd.it/eL34,4.0,Animation-Family-Fantasy,90.0,3.26
2021-01-28,Mr. Peabody & Sherman,2014,https://boxd.it/2TRM,3.5,Animation-Science Fiction-Comedy,92.0,3.33
2021-01-28,Flushed Away,2006,https://boxd.it/1Tpm,3.5,Adventure-Animation-Comedy,85.0,3.24
2021-01-28,Home,2015,https://boxd.it/6JxA,2.5,Fantasy-Comedy-Animation,94.0,2.9
2021-01-28,The Boss Baby,2017,https://boxd.it/9mfO,3.0,Animation-Comedy-Family,97.0,2.6
2021-01-28,Shark Tale,2004,https://boxd.it/1VYe,3.0,Animation-Action-Comedy,90.0,3.03
2021-01-28,Rise of the Guardians,2012,https://boxd.it/2PXw,4.0,Animation-Family-Fantasy,97.0,3.63
2021-01-28,Turbo,2013,https://boxd.it/2Hzw,3.0,Animation-Family,96.0,2.72
2021-01-28,Monsters vs Aliens,2009,https://boxd.it/1M50,4.0,Animation-Family-Adventure,94.0,2.93
2021-01-28,Penguins of Madagascar,2014,https://boxd.it/89tc,4.5,Family-Animation-Adventure,92.0,3.19
2021-01-28,Chicken Run,2000,https://boxd.it/20Xg,3.5,Animation-Comedy-Family,84.0,3.63
2021-01-28,Wallace & Gromit: The Curse of the Were-Rabbit,2005,https://boxd.it/2ac0,4.5,Adventure-Animation-Comedy,85.0,3.88
2021-01-28,Antz,1998,https://boxd.it/1ZB4,3.0,Animation-Comedy-Adventure,83.0,2.85
2021-01-28,The Croods: A New Age,2020,https://boxd.it/jeHK,3.0,Animation-Family-Adventure,95.0,2.97
2021-01-28,The Croods,2013,https://boxd.it/FRE,4.0,Animation-Adventure-Family,99.0,3.16
2021-01-28,Captain Underpants: The First Epic Movie,2017,https://boxd.it/8312,3.5,Family-Comedy-Animation,89.0,3.04
2021-01-28,Trolls,2016,https://boxd.it/4p8Q,3.5,Family-Animation-Fantasy,92.0,2.8
2021-01-28,How to Train Your Dragon,2010,https://boxd.it/1WRy,4.5,Fantasy-Adventure-Animation,98.0,4.14
2021-01-28,How to Train Your Dragon 2,2014,https://boxd.it/2TRW,4.5,Fantasy-Action-Adventure,102.0,3.85
2021-01-28,How to Train Your Dragon: The Hidden World,2019,https://boxd.it/5a9w,4.5,Animation-Family-Adventure,104.0,3.7
2021-01-28,Ice Age,2002,https://boxd.it/2apS,4.5,Animation-Comedy-Family,81.0,3.6
2021-01-28,Ice Age: The Meltdown,2006,https://boxd.it/2wRk,3.0,Animation-Family-Comedy,91.0,3.18
2021-01-28,Ice Age: Continental Drift,2012,https://boxd.it/lQ2,2.5,Animation-Comedy-Adventure,88.0,2.85
2021-01-28,Ice Age: Collision Course,2016,https://boxd.it/8upq,1.5,Adventure-Animation-Family,95.0,2.34
2021-01-28,Ferdinand,2017,https://boxd.it/cC7i,3.5,Animation-Family-Adventure,108.0,3.03
2021-01-28,Ice Age: Dawn of the Dinosaurs,2009,https://boxd.it/20iC,3.5,Animation-Comedy-Family,94.0,3.27
2021-01-28,Epic,2013,https://boxd.it/3SNm,3.0,Animation-Adventure-Family,102.0,3.04
2021-01-28,Rio,2011,https://boxd.it/NKc,4.0,Animation-Adventure-Comedy,96.0,3.5
2021-01-28,Rio 2,2014,https://boxd.it/5jfy,2.5,Animation-Adventure-Comedy,101.0,2.9
2021-01-28,Robots,2005,https://boxd.it/1Xve,4.0,Animation-Comedy-Family,90.0,3.37
2021-01-28,The Peanuts Movie,2015,https://boxd.it/6Jci,4.0,Comedy-Animation-Family,88.0,3.67
2021-01-28,Spies in Disguise,2019,https://boxd.it/fjf4,3.5,Animation-Action-Adventure,102.0,2.96
2021-02-04,Aladdin,1992,https://boxd.it/29yE,3.5,Animation-Family-Adventure,91.0,3.9
2021-02-04,Flubber,1997,https://boxd.it/1YkQ,3.0,Comedy-Family-Science Fiction,93.0,2.64
2021-02-04,George of the Jungle,1997,https://boxd.it/1VQO,2.5,Adventure-Comedy-Family,92.0,2.82
2021-02-04,Tarzan,1999,https://boxd.it/18YO,3.5,Animation-Family-Drama,88.0,3.73
2021-02-04,Chicken Little,2005,https://boxd.it/1Xnu,3.0,Animation-Family-Comedy,81.0,2.87
2021-02-04,Underdog,2007,https://boxd.it/21vi,2.0,Family-Action-Adventure,82.0,2.38
2021-02-04,Meet the Robinsons,2007,https://boxd.it/28Ym,4.0,Animation-Comedy-Family,95.0,3.62
2021-02-04,Bolt,2008,https://boxd.it/1QXg,4.0,Animation-Family-Adventure,98.0,3.2
2021-02-04,Alice in Wonderland,2010,https://boxd.it/1Spq,3.0,Family-Fantasy-Adventure,108.0,3.33
2021-02-04,The Princess and the Frog,2009,https://boxd.it/1WQq,3.0,Animation-Romance-Fantasy,98.0,3.97
2021-02-04,Beverly Hills Chihuahua,2008,https://boxd.it/1Ob0,2.5,Comedy-Family-Adventure,91.0,2.64
2021-02-04,Wreck-It Ralph,2012,https://boxd.it/2TTS,4.5,Family-Animation-Comedy,101.0,3.61
2021-02-04,Ralph Breaks the Internet,2018,https://boxd.it/edAy,4.0,Animation-Family-Adventure,112.0,2.89
2021-02-04,Moana,2016,https://boxd.it/8tfY,4.5,Adventure-Comedy-Family,107.0,3.72
2021-02-04,Zootopia,2016,https://boxd.it/84xS,5.0,Animation-Adventure-Family,109.0,3.76
2021-02-04,Paperman,2012,https://boxd.it/4uYW,4.5,Animation-Family-Romance,7.0,4.08
2021-02-04,Sky High,2005,https://boxd.it/1TNI,3.0,Adventure-Comedy-Family,99.0,3.18
2021-02-04,Tangled,2010,https://boxd.it/15gO,4.5,Animation-Family-Adventure,100.0,4.04
2021-02-04,James and the Giant Peach,1996,https://boxd.it/1W0O,3.5,Family-Animation-Adventure,79.0,3.4
2021-02-04,Bedtime Stories,2008,https://boxd.it/1WPM,3.0,Fantasy-Comedy-Family,99.0,2.9
2021-02-28,Drishyam,2013,https://boxd.it/7avm,4.5,Thriller-Crime-Drama,164.0,4.08
2021-02-28,Drishyam 2,2021,https://boxd.it/qsak,5.0,Thriller-Crime-Drama,153.0,3.71
2021-02-28,Drushyam,2014,https://boxd.it/8xUQ,4.5,Crime-Thriller-Drama,150.0,3.62
2021-03-07,Looper,2012,https://boxd.it/ham,2.5,Action-Thriller-Science Fiction,118.0,3.57
2021-03-07,Pad Man,2018,https://boxd.it/fX5e,4.0,Comedy-Drama,140.0,3.52
2021-03-07,Om Shanti Om,2007,https://boxd.it/20zy,3.0,Comedy-Thriller-Drama,169.0,4.01
2021-03-07,Special 26,2013,https://boxd.it/59fS,4.5,Crime-Drama-Thriller,144.0,3.6
2021-03-07,Airlift,2016,https://boxd.it/d2t0,5.0,Drama-History-Action,126.0,3.31
2021-03-07,OMG: Oh My God!,2012,https://boxd.it/4nuA,5.0,Comedy-Drama,125.0,3.48
2021-03-07,Housefull,2010,https://boxd.it/ldO,3.0,Comedy-Romance,135.0,3.0
2021-03-07,Phir Hera Pheri,2006,https://boxd.it/1DCk,2.5,Comedy,155.0,3.7
2021-03-07,Welcome,2007,https://boxd.it/1DLc,4.0,Comedy-Crime-Family,150.0,3.55
2021-03-07,Baby,2015,https://boxd.it/a874,5.0,Action-Thriller,160.0,3.34
2021-03-07,Mission Mangal,2019,https://boxd.it/mBBc,4.0,Drama-History,133.0,2.95
2021-03-07,Kesari,2019,https://boxd.it/hZ76,5.0,Action-Drama-History,151.0,3.25
2021-03-07,Jolly LLB 2,2017,https://boxd.it/ewEa,4.5,Comedy-Crime,140.0,3.15
2021-03-07,Housefull 2,2012,https://boxd.it/2ZZM,2.0,Comedy-Romance,160.0,2.85
2021-03-07,Gold,2018,https://boxd.it/hccG,4.0,Drama-History,170.0,3.09
2021-03-07,Housefull 3,2016,https://boxd.it/dH0o,1.0,Comedy-Romance,140.0,2.38
2021-03-07,Housefull 4,2019,https://boxd.it/mBji,2.0,Comedy-Drama-Romance,142.0,1.92
2021-03-07,Boss,2013,https://boxd.it/6JlY,1.0,Action-Comedy-Drama,143.0,2.45
2021-03-07,Action Replayy,2010,https://boxd.it/Fti,1.5,Comedy-Romance-Science Fiction,129.0,2.75
2021-03-07,It's Entertainment,2014,https://boxd.it/8uRO,2.0,Comedy,140.0,2.39
2021-03-07,Naam Shabana,2017,https://boxd.it/fGjy,2.5,Thriller,147.0,2.84
2021-03-07,Joker,2012,https://boxd.it/4e3q,1.0,Comedy-Science Fiction,104.0,1.98
2021-03-07,Dilwale Dulhania Le Jayenge,1995,https://boxd.it/1F9k,3.0,Comedy-Drama-Romance,190.0,4.01
2021-03-07,Kabhi Khushi Kabhie Gham,2001,https://boxd.it/1Vtg,2.0,Comedy-Drama,209.0,3.9
2021-03-07,Kuch Kuch Hota Hai,1998,https://boxd.it/1SVG,3.5,Romance-Drama-Comedy,185.0,3.7
2021-03-07,Dear Zindagi,2016,https://boxd.it/eAiM,5.0,Drama-Romance,151.0,3.38
2021-03-07,Happy New Year,2014,https://boxd.it/8sf4,2.5,Action-Comedy-Crime,180.0,2.88
2021-03-07,Fan,2016,https://boxd.it/d8xC,3.5,Action-Adventure-Thriller,138.0,2.89
2021-03-07,Rab Ne Bana Di Jodi,2008,https://boxd.it/1OOG,3.0,Comedy-Drama-Romance,167.0,3.58
2021-03-07,Zero,2018,https://boxd.it/hTwO,2.0,Comedy-Drama,83.0,2.13
2021-03-07,Dil To Pagal Hai,1997,https://boxd.it/1OYG,3.0,Drama-Romance-Comedy,179.0,3.35
2021-03-07,Bhoothnath,2008,https://boxd.it/1L6c,3.0,Family-Comedy,151.0,3.15
2021-03-07,The Jungle Book,2016,https://boxd.it/8wjk,4.0,Family-Adventure-Fantasy,106.0,3.19
2021-03-07,John Carter,2012,https://boxd.it/FQ2,3.0,Action-Adventure-Science Fiction,132.0,2.77
2021-03-08,Raya and the Last Dragon,2021,https://boxd.it/jbkI,4.0,Animation-Family-Fantasy,107.0,3.2
2021-03-22,Batman v Superman: Dawn of Justice,2016,https://boxd.it/6fBW,2.5,Action-Adventure-Fantasy,152.0,2.47
2021-03-26,Zack Snyder's Justice League,2021,https://boxd.it/tLOk,4.5,Action-Adventure-Fantasy,242.0,3.39
2021-03-26,Drive,2011,https://boxd.it/IG,3.0,Drama-Thriller-Crime,100.0,3.91
2021-03-26,Pournami,2006,https://boxd.it/6Gii,2.5,Drama-Action-Romance,167.0,3.22
2021-04-16,The Lunchbox,2013,https://boxd.it/5MOs,4.0,Drama-Romance,104.0,4.08
2021-04-16,The Terminal,2004,https://boxd.it/2a2O,4.0,Comedy-Drama,128.0,3.65
2021-05-11,The Mitchells vs. the Machines,2021,https://boxd.it/i7xm,4.5,Animation-Adventure-Comedy,114.0,3.83
2021-10-03,The Lord of the Rings: The Fellowship of the Ring,2001,https://boxd.it/2b5O,5.0,Adventure-Fantasy-Action,179.0,4.39
2021-10-03,The Lord of the Rings: The Two Towers,2002,https://boxd.it/2b5E,5.0,Adventure-Fantasy-Action,179.0,4.43
2021-10-03,The Lord of the Rings: The Return of the King,2003,https://boxd.it/2b5u,5.0,Adventure-Fantasy-Action,201.0,4.55
2021-10-08,Vedam,2010,https://boxd.it/3myk,5.0,Drama-Thriller,141.0,3.71
2021-10-08,96,2018,https://boxd.it/fHYM,5.0,Romance,159.0,3.97
2024-01-06,Avatar: The Way of Water,2022,https://boxd.it/2E2E,4.0,Action-Adventure-Science Fiction,192.0,3.63
2024-01-06,Guardians of the Galaxy Vol. 3,2023,https://boxd.it/fVNI,4.5,Science Fiction-Adventure-Action,150.0,3.97
2024-01-06,Ant-Man and the Wasp: Quantumania,2023,https://boxd.it/nL2y,2.5,Action-Adventure-Science Fiction,125.0,2.16
2024-01-06,Black Adam,2022,https://boxd.it/fup0,2.5,Action-Adventure-Science Fiction,125.0,2.22
2024-01-06,Doctor Strange in the Multiverse of Madness,2022,https://boxd.it/gaTc,2.5,Fantasy-Action-Adventure,126.0,2.94
2024-01-06,The Batman,2022,https://boxd.it/eDGs,4.5,Crime-Mystery-Thriller,177.0,4.02
2024-01-06,Thor: Love and Thunder,2022,https://boxd.it/mMAY,2.0,Fantasy-Action-Comedy,119.0,2.34
2024-01-06,Spider-Man: No Way Home,2021,https://boxd.it/nwRw,4.0,Action-Adventure-Science Fiction,148.0,3.83
2024-01-06,Eternals,2021,https://boxd.it/j36o,3.0,Science Fiction-Action-Adventure,156.0,2.69
2024-01-06,Shang-Chi and the Legend of the Ten Rings,2021,https://boxd.it/kLDI,3.5,Action-Adventure-Fantasy,132.0,3.4
2024-01-06,The Suicide Squad,2021,https://boxd.it/fw6O,4.0,Action-Comedy-Adventure,132.0,3.47
2024-01-06,Black Widow,2021,https://boxd.it/hWV8,2.5,Action-Adventure-Science Fiction,134.0,2.93
2024-01-06,Bigil,2019,https://boxd.it/kDlQ,3.5,Drama-Action-Family,177.0,2.7
2024-01-06,Glass Onion,2022,https://boxd.it/oCkK,3.5,,,3.38
2024-01-06,The Boy and the Heron,2023,https://boxd.it/ipeM,3.5,Animation-Adventure-Fantasy,124.0,3.91
2024-01-06,Barbie,2023,https://boxd.it/bCLK,3.5,Comedy-Adventure,114.0,3.7
2024-01-06,Oppenheimer,2023,https://boxd.it/wUow,4.5,Drama-History,181.0,4.16
2024-01-06,Anukokunda Oka Roju,2005,https://boxd.it/2P6W,5.0,Thriller-Mystery,145.0,3.73
2024-01-06,Sammohanam,2018,https://boxd.it/jh4w,4.0,Romance-Drama,137.0,3.53
2024-01-06,Everything Everywhere All at Once,2022,https://boxd.it/jUk4,4.5,Action-Adventure-Science Fiction,140.0,4.25
2024-01-06,Nope,2022,https://boxd.it/sDCe,4.0,Horror-Science Fiction,130.0,3.67
2024-01-06,DC League of Super-Pets,2022,https://boxd.it/jFTI,3.0,Family-Comedy-Adventure,105.0,2.85
2024-01-06,Cowboy Bebop,1998,https://boxd.it/ptES,3.0,,,4.64
2024-01-06,Monty Python and the Holy Grail,1975,https://boxd.it/29GI,5.0,Adventure-Comedy-Fantasy,91.0,4.15
2024-01-06,Life of Brian,1979,https://boxd.it/2a4q,4.0,Comedy,94.0,3.99
2024-01-06,Jigarthanda DoubleX,2023,https://boxd.it/C4xI,4.5,Action-Drama-Comedy,172.0,3.98
2024-01-06,Viduthalai: Part I,2023,https://boxd.it/tzzM,4.0,Action-Thriller-Drama,146.0,3.94
2024-01-06,Mission: Impossible – Dead Reckoning,2023,https://boxd.it/l7zS,3.5,Action-Thriller-Adventure,164.0,3.69
2024-01-06,Dungeons & Dragons: Honor Among Thieves,2023,https://boxd.it/hN1A,4.0,Adventure-Fantasy-Comedy,134.0,3.52
2024-01-06,Nanpakal Nerathu Mayakkam,2022,https://boxd.it/x5xO,4.5,Comedy-Drama-Fantasy,107.0,3.9
2024-01-06,Romancham,2023,https://boxd.it/ARRe,3.5,Horror-Comedy,132.0,3.54
2024-01-06,12th Fail,2023,https://boxd.it/I1sM,5.0,Drama,146.0,4.13
2024-01-06,Teenage Mutant Ninja Turtles: Mutant Mayhem,2023,https://boxd.it/mK0a,4.5,Animation-Comedy-Action,100.0,3.76
2024-01-06,Attack on Titan The Final Chapters: Special 2,2023,https://boxd.it/JyZw,5.0,,,4.61
2024-01-06,Attack on Titan The Final Chapters: Special 1,2023,https://boxd.it/JyYy,4.0,,,4.61
2024-01-06,The Super Mario Bros. Movie,2023,https://boxd.it/i8C8,3.5,Family-Comedy-Adventure,93.0,3.21
2024-01-06,The Menu,2022,https://boxd.it/lScm,4.0,Comedy-Thriller-Horror,107.0,3.52
2024-01-06,The Bad Guys,2022,https://boxd.it/nkg4,4.0,Family-Comedy-Crime,100.0,3.44
2024-01-06,The Lego Movie,2014,https://boxd.it/4pDO,4.5,Animation-Family-Adventure,100.0,3.84
2024-01-06,Puss in Boots: The Last Wish,2022,https://boxd.it/aaie,4.5,Animation-Adventure-Fantasy,103.0,4.13
2024-01-06,The Lego Batman Movie,2017,https://boxd.it/azp0,4.0,Animation-Action-Comedy,104.0,3.96
2024-01-06,The Lego Movie 2: The Second Part,2019,https://boxd.it/8BAU,3.0,Action-Adventure-Animation,107.0,3.07
2024-01-06,The Lego Ninjago Movie,2017,https://boxd.it/8lEw,3.0,Family-Comedy-Adventure,101.0,3.15
2024-01-06,John Wick: Chapter 2,2017,https://boxd.it/ayGu,4.0,Action-Thriller-Crime,122.0,3.71
2024-01-06,John Wick: Chapter 3 – Parabellum,2019,https://boxd.it/gmFw,4.0,Action-Thriller-Crime,131.0,3.69
2024-01-06,John Wick: Chapter 4,2023,https://boxd.it/mh48,4.0,Action-Thriller-Crime,170.0,3.89
2024-01-06,Mission: Impossible,1996,https://boxd.it/29d2,4.0,Adventure-Action-Thriller,111.0,3.62
2024-01-06,Mission: Impossible II,2000,https://boxd.it/29cS,2.5,Adventure-Action-Thriller,123.0,2.67
2024-01-06,Mission: Impossible III,2006,https://boxd.it/29cI,3.5,Adventure-Action-Thriller,126.0,3.4
2024-01-06,Mission: Impossible – Ghost Protocol,2011,https://boxd.it/psI,4.5,Action-Thriller-Adventure,133.0,3.74
2024-01-06,Mission: Impossible – Rogue Nation,2015,https://boxd.it/5rI4,4.5,Action-Adventure,131.0,3.76
2024-01-06,Dawn of the Planet of the Apes,2014,https://boxd.it/3XyQ,4.5,Science Fiction-Action-Drama,130.0,3.84
2024-01-06,War for the Planet of the Apes,2017,https://boxd.it/8FE2,3.5,Drama-Science Fiction-War,140.0,3.81
2024-01-06,Check,2021,https://boxd.it/tGRo,3.0,Crime-Thriller,140.0,2.8
2024-01-06,Sahasam,2013,https://boxd.it/6eDs,3.5,Action-Adventure,160.0,3.46
2024-01-06,Aithe,2003,https://boxd.it/a1hc,4.0,Adventure-Drama-Thriller,140.0,3.55
2024-01-06,Manamantha,2016,https://boxd.it/esLw,3.0,Drama-Family-Thriller,137.0,3.28
2024-01-06,Okkadunnadu,2007,https://boxd.it/4qbw,4.5,Action,150.0,3.5
2024-01-06,Prayanam,2009,https://boxd.it/2RNy,2.5,Comedy-Romance,150.0,3.37
2024-01-08,RRR,2022,https://boxd.it/ljDs,4.0,Action-Adventure-Drama,187.0,4.2
2024-01-08,Hi Nanna,2023,https://boxd.it/Eqsa,3.5,Drama-Family-Romance,155.0,3.68
2024-01-08,Chithha,2023,https://boxd.it/GbIc,5.0,Drama-Thriller-Mystery,139.0,3.97
2024-01-08,Balagam,2023,https://boxd.it/FkAY,4.5,Comedy-Drama,131.0,3.56
2024-01-08,2018,2023,https://boxd.it/wKhA,3.0,Thriller-Action-Adventure,150.0,3.68
2024-01-08,Elemental,2023,https://boxd.it/ASiE,4.0,Animation-Family-Romance,102.0,3.34
2024-01-08,Maaveeran,2023,https://boxd.it/Bktq,4.0,Drama-Action-Comedy,166.0,3.58
2024-01-08,Dasara,2023,https://boxd.it/xq4y,2.5,Action-Thriller,159.0,3.07
2024-01-08,Pushpa: The Rise,2021,https://boxd.it/pO3y,4.0,Action-Drama-Thriller,179.0,3.27
2024-01-08,Master,2021,https://boxd.it/nbII,3.5,Action-Thriller-Crime,179.0,3.36
2024-01-08,Vikram,2022,https://boxd.it/rUJa,4.0,Action-Crime-Thriller,174.0,3.82
2024-01-08,K.G.F: Chapter 2,2022,https://boxd.it/lCgM,2.5,Action-Thriller-Adventure,168.0,3.41
2024-01-08,V,2020,https://boxd.it/pu7K,2.5,Action-Crime-Thriller,140.0,2.69
2024-01-08,K.G.F: Chapter 1,2018,https://boxd.it/kGf2,3.5,Action-Thriller-Adventure,156.0,3.38
2024-01-08,Khuda Haafiz,2020,https://boxd.it/qYpc,3.0,Action-Thriller,134.0,3.0
2024-01-08,R... Rajkumar,2013,https://boxd.it/74TW,2.5,Action-Romance,146.0,2.57
2024-01-08,Sarkaru Vaari Paata,2022,https://boxd.it/tvx8,2.0,Action-Comedy-Drama,162.0,2.16
2024-01-08,Krack,2021,https://boxd.it/tv70,3.5,Action-Crime-Drama,154.0,3.01
2024-01-08,Akhanda,2021,https://boxd.it/tUCs,2.5,Action-Drama,167.0,2.73
2024-01-08,Dabangg,2010,https://boxd.it/RZ6,3.5,Action-Comedy-Crime,130.0,2.81
2024-01-08,Dabangg 2,2012,https://boxd.it/4FYI,3.0,Action-Comedy-Crime,125.0,2.34
2024-01-08,Dabangg 3,2019,https://boxd.it/hU00,1.0,Action-Comedy-Crime,150.0,1.78
2024-01-08,Beast,2022,https://boxd.it/u7XI,2.0,Thriller-Action-Horror,92.0,2.2
2024-01-08,Venom: Let There Be Carnage,2021,https://boxd.it/llco,2.5,Science Fiction-Action-Adventure,97.0,2.52
2024-01-08,Varisu,2023,https://boxd.it/vuNo,2.0,Action-Adventure,169.0,2.26
2024-01-08,Gran Turismo,2023,https://boxd.it/B2lS,3.0,Adventure-Drama-Action,135.0,3.36
2024-01-08,Venom,2018,https://boxd.it/b8wA,3.0,Science Fiction-Action,112.0,2.96
2024-01-08,Spider-Man,2002,https://boxd.it/2a8i,4.0,Action-Science Fiction,121.0,3.86
2024-01-08,Spider-Man 2,2004,https://boxd.it/2a88,4.0,Action-Adventure-Science Fiction,127.0,3.92
2024-01-08,The Amazing Spider-Man,2012,https://boxd.it/27PI,3.5,Action-Adventure-Science Fiction,136.0,3.52
2024-01-08,The Amazing Spider-Man 2,2014,https://boxd.it/3utM,3.0,Action-Adventure-Science Fiction,141.0,3.18
2024-01-08,Spider-Man 3,2007,https://boxd.it/2a7Y,3.0,Action-Adventure-Science Fiction,139.0,3.21
2024-01-13,Jai Chiranjeeva,2005,https://boxd.it/3U3U,2.5,Action,145.0,3.18
2024-01-13,Chal Mohan Ranga,2018,https://boxd.it/ipL2,2.5,Romance-Comedy-Family,148.0,3.06
2024-01-13,Malliswari,2004,https://boxd.it/2PKC,4.0,Comedy-Romance,150.0,3.65
2024-01-13,Manmadhudu,2002,https://boxd.it/2PKs,5.0,Comedy-Drama,142.0,3.81
2024-01-13,Nuvvu Naaku Nachav,2001,https://boxd.it/2SGe,5.0,Drama-Comedy-Romance,180.0,3.97
2024-01-13,Aravinda Sametha Veera Raghava,2018,https://boxd.it/jsaU,4.5,Action-Drama,162.0,3.36
2024-01-13,Bheemla Nayak,2022,https://boxd.it/uzR4,3.0,Action-Drama-Thriller,145.0,2.84
2024-01-13,BRO,2023,https://boxd.it/FfLs,1.5,Comedy-Drama-Fantasy,133.0,2.27
2024-01-13,Falimy,2023,https://boxd.it/DwWe,3.0,Drama-Family,125.0,3.46
2024-01-13,DJ Tillu,2022,https://boxd.it/zkBU,3.5,Romance-Comedy-Crime,124.0,3.27
2024-01-13,Virupaksha,2023,https://boxd.it/D8xk,3.0,Horror-Mystery-Thriller,146.0,3.12
2024-01-13,100% Love,2011,https://boxd.it/8Zg,2.5,Comedy-Drama-Romance,140.0,3.28
2024-01-13,Kumari 21F,2015,https://boxd.it/cPvW,3.5,Drama-Romance,145.0,3.39
2024-01-13,Ante... Sundaraniki!,2022,https://boxd.it/vu0w,4.5,Comedy-Romance-Family,173.0,3.7
2024-01-13,Shyam Singha Roy,2021,https://boxd.it/u62G,3.5,Romance-Thriller-Drama,157.0,3.38
2024-01-13,HIT: The 2nd Case,2022,https://boxd.it/uzQq,3.0,Crime-Thriller-Action,124.0,3.18
2024-01-13,HIT: The First Case,2020,https://boxd.it/pifM,3.5,Crime-Thriller-Action,126.0,3.37
2024-01-13,Tuck Jagadish,2021,https://boxd.it/twvs,1.0,Drama-Action-Family,145.0,2.41
2024-01-13,Pilla Zamindar,2011,https://boxd.it/32sw,4.0,Comedy-Drama,140.0,3.69
2024-01-13,Salaar: Part 1 - Ceasefire,2023,https://boxd.it/sYOU,3.5,Action-Crime-Drama,175.0,3.19
2024-01-13,Adipurush,2023,https://boxd.it/rxX4,1.5,Action-Adventure-Fantasy,179.0,1.52
2024-01-13,Radhe Shyam,2022,https://boxd.it/p63u,2.0,Drama-Romance,138.0,2.16
2024-01-13,DJ: Duvvada Jagannadham,2017,https://boxd.it/fMIu,2.5,Action-Comedy-Crime,160.0,2.68
2024-01-13,Happy,2006,https://boxd.it/2PBU,3.0,TV Movie-Drama,94.0,3.35
2024-01-13,Waltair Veerayya,2023,https://boxd.it/Bnkc,2.5,Action-Drama,160.0,2.78
2024-01-13,GodFather,2022,https://boxd.it/wEoA,2.0,Action-Drama,157.0,2.54
2024-01-13,The Ghazi Attack,2017,https://boxd.it/fJu0,4.0,Action-War-Thriller,126.0,3.3
2024-01-13,Shankar Dada M.B.B.S.,2004,https://boxd.it/4Iam,4.0,,166.0,3.69
2024-01-13,Indra,2002,https://boxd.it/1uVW,3.5,Drama-Action,179.0,3.59
2024-01-13,Anji,2004,https://boxd.it/3PYG,3.5,Adventure-Fantasy,150.0,3.37
2024-01-13,Oldboy,2003,https://boxd.it/29R2,4.5,Drama-Thriller-Mystery,120.0,4.37
2024-01-13,Prisoners,2013,https://boxd.it/4E5i,4.0,Drama-Thriller-Crime,153.0,4.33
2024-01-13,The Grand Budapest Hotel,2014,https://boxd.it/3ZqO,4.5,Comedy-Drama,100.0,4.24
2024-01-13,School of Rock,2003,https://boxd.it/28xK,4.5,Comedy-Music-Family,110.0,3.8
2024-01-13,Top Gun: Maverick,2022,https://boxd.it/cjr4,4.5,Action-Drama,131.0,3.97
2024-01-13,Bullet Train,2022,https://boxd.it/qW26,4.0,Action-Comedy-Thriller,126.0,3.6
2024-01-13,Life of Pi,2012,https://boxd.it/37pC,4.0,Adventure-Drama,127.0,3.75
2024-01-13,PK,2014,https://boxd.it/9q1G,4.5,Comedy-Drama-Science Fiction,153.0,3.8
2024-01-13,Jawan,2023,https://boxd.it/wVDs,3.0,Action-Thriller,169.0,3.26
2024-01-13,Dangal,2016,https://boxd.it/chfU,4.5,Drama-Family-Comedy,161.0,3.93
2024-01-13,Leo,2023,https://boxd.it/zOWS,3.5,Animation-Comedy-Family,102.0,3.24
2024-01-13,Jailer,2023,https://boxd.it/zkA8,3.0,Action-Crime-Thriller,165.0,3.15
2024-01-13,Ponniyin Selvan: Part I,2022,https://boxd.it/oz24,2.5,Action-Adventure-History,167.0,3.53
2024-01-13,Ponniyin Selvan: Part II,2023,https://boxd.it/wpuS,3.0,Action-Adventure-History,164.0,3.44
2024-01-13,Brahmāstra Part One: Shiva,2022,https://boxd.it/hUJO,2.0,Action-Adventure-Fantasy,168.0,2.59
2024-01-13,Kantara,2022,https://boxd.it/wqK8,4.0,Action-Drama-Thriller,147.0,3.49
2024-01-13,Chennai Express,2013,https://boxd.it/69tM,2.5,Romance-Comedy-Action,141.0,3.09
2024-01-13,Jai Bhim,2021,https://boxd.it/wj82,3.5,Crime-Drama-Mystery,164.0,3.77
2024-01-13,Bajrangi Bhaijaan,2015,https://boxd.it/bIbo,4.5,Comedy-Drama-Adventure,159.0,3.85
2024-01-13,Bajirao Mastani,2015,https://boxd.it/ck2O,3.0,History-Romance-Drama,158.0,3.56
2024-01-13,Kapoor & Sons,2016,https://boxd.it/cZDm,4.5,Drama-Romance-Comedy,137.0,3.71
2024-01-13,Sita Ramam,2022,https://boxd.it/xO2c,3.5,History-Romance-Drama,158.0,3.73
2024-01-13,"Monica, O My Darling",2022,https://boxd.it/yuuM,3.0,Crime-Comedy-Drama,129.0,3.51
2024-01-13,Rockstar,2011,https://boxd.it/2Lvo,3.0,Drama-Music-Romance,159.0,3.64
2024-01-13,Minnal Murali,2021,https://boxd.it/osLw,3.0,Action-Comedy-Fantasy,158.0,3.59
2024-01-13,Joji,2021,https://boxd.it/tMgS,4.5,Drama-Crime,113.0,3.79
2024-01-13,Thiruchitrambalam,2022,https://boxd.it/wptK,4.0,Romance-Drama-Comedy,133.0,3.72
2024-01-13,English Vinglish,2012,https://boxd.it/3Weq,4.5,Comedy-Drama-Family,134.0,3.81
2024-01-13,Thallumaala,2022,https://boxd.it/wDmy,4.0,Comedy-Drama-Action,146.0,3.57
2024-01-13,Sarpatta Parambarai,2021,https://boxd.it/tX36,4.5,History-Action-Drama,174.0,4.02
2024-01-13,83,2021,https://boxd.it/mbBg,4.0,Drama-History,160.0,3.45
2024-01-13,Karnan,2021,https://boxd.it/pnSa,4.0,Drama-Action,152.0,3.78
2024-01-13,Vikram Vedha,2017,https://boxd.it/fkaY,5.0,Action-Thriller-Crime,147.0,3.91
2024-01-13,Love Today,2022,https://boxd.it/D3KI,3.0,Comedy-Romance,154.0,3.26
2024-01-13,Chhichhore,2019,https://boxd.it/lZOW,3.5,Romance-Comedy-Drama,146.0,3.71
2024-01-13,Mark Antony,2023,https://boxd.it/yJKA,3.5,Science Fiction-Action-Comedy,151.0,2.96
2024-01-13,Hridayam,2022,https://boxd.it/ohO0,3.0,Romance-Drama,172.0,3.37
2024-01-13,Jigarthanda,2014,https://boxd.it/88Je,5.0,Music-Crime-Comedy,170.0,4.06
2024-01-13,Thunivu,2023,https://boxd.it/y85g,2.0,Action-Crime-Thriller,146.0,2.59
2024-01-13,Visaranai,2015,https://boxd.it/cUXG,4.0,Thriller-Crime-Drama,118.0,4.1
2024-01-13,Stree,2018,https://boxd.it/jrdI,3.5,Horror-Comedy,128.0,3.29
2024-01-13,Mahaan,2022,https://boxd.it/uhxK,4.0,Crime-Action-Drama,163.0,3.63
2024-01-13,Bhediya,2022,https://boxd.it/u53o,3.5,Horror-Comedy,156.0,2.93
2024-01-13,Pariyerum Perumal,2018,https://boxd.it/gyAy,5.0,Romance-Drama,155.0,4.19
2024-01-13,Good Boys,2019,https://boxd.it/iW1G,3.0,Comedy,90.0,3.15
2024-11-05,Children of Men,2006,https://boxd.it/1Y2i,5.0,Science Fiction-Thriller,109.0,4.3
2024-11-05,The Wild Robot,2024,https://boxd.it/IWFy,5.0,Family-Animation-Science Fiction,102.0,4.21
2026-01-03,Chhaava,2025,https://boxd.it/JpHe,2.0,History-Action-Drama,161.0,2.84
2026-01-03,Sinners,2025,https://boxd.it/KQMM,4.0,Horror-Action-Thriller,138.0,4.1
2026-01-03,Transformers One,2024,https://boxd.it/q7bc,4.5,Animation-Science Fiction-Adventure,104.0,3.84
2026-01-03,Thunderbolts*,2025,https://boxd.it/BfbQ,3.5,Action-Science Fiction-Adventure,127.0,3.56
2026-01-03,The Fantastic 4: First Steps,2025,https://boxd.it/mP6C,3.5,Science Fiction-Adventure-Action,115.0,3.35
2026-01-03,F1,2025,https://boxd.it/yjVM,4.0,Action-Drama,156.0,3.64
2026-01-03,Superman,2025,https://boxd.it/E9IU,3.5,Science Fiction-Adventure-Action,130.0,3.84
2026-01-03,Demon Slayer -Kimetsu no Yaiba- The Movie: Mugen Train,2020,https://boxd.it/nyLU,4.5,Animation-Action-Fantasy,117.0,3.94
2026-01-03,Demon Slayer: Kimetsu no Yaiba,2019,https://boxd.it/pKsE,5.0,Animation-Action-Fantasy,105.0,4.0
2026-01-03,Demon Slayer: Kimetsu no Yaiba Infinity Castle,2025,https://boxd.it/O1GQ,4.0,Animation-Action-Fantasy,156.0,4.04
2026-01-03,Hurry Up Tomorrow,2025,https://boxd.it/FlAU,2.5,Music-Thriller-Drama,105.0,1.8
2026-01-03,Kill Bill: The Whole Bloody Affair,2004,https://boxd.it/eCrQ,4.5,,,4.5
2026-01-03,Kill Bill: Vol. 1,2003,https://boxd.it/70w,5.0,Action-Crime,111.0,4.21
2026-01-03,Kill Bill: Vol. 2,2004,https://boxd.it/2au4,3.5,Action-Crime-Thriller,136.0,4.1
2026-01-03,Zootopia 2,2025,https://boxd.it/F0vO,4.5,Animation-Family-Mystery,108.0,3.7
2026-01-03,Dhurandhar,2025,https://boxd.it/NhCI,4.5,Action-Crime-Thriller,212.0,3.56
2026-01-03,Avatar,2009,https://boxd.it/1Efm,4.5,Science Fiction-Action-Adventure,162.0,3.74
2026-01-03,Avatar: Fire and Ash,2025,https://boxd.it/2W7s,3.5,Science Fiction-Adventure-Fantasy,198.0,3.56
2026-01-03,Ponman,2025,https://boxd.it/LiKa,4.0,Drama-Comedy-Thriller,125.0,3.67
2026-01-03,Manjummel Boys,2024,https://boxd.it/EtUc,5.0,Adventure-Thriller-Drama,135.0,4.01
2026-01-03,One Battle After Another,2025,https://boxd.it/DUHM,4.0,Thriller-Crime-Comedy,162.0,4.16
2026-01-03,The Substance,2024,https://boxd.it/zanS,3.5,Horror-Science Fiction-Drama,141.0,3.73
2026-01-03,Eternal Sunshine of the Spotless Mind,2004,https://boxd.it/6YK,4.5,Science Fiction-Drama-Romance,108.0,4.24
2026-01-03,Wake Up Dead Man,2025,https://boxd.it/uAKS,4.0,Thriller-Mystery-Comedy,145.0,3.78
2026-01-03,Dune,2021,https://boxd.it/fA7G,4.0,Science Fiction-Adventure,155.0,3.89
2026-01-03,Dune: Part Two,2024,https://boxd.it/pUfA,4.5,Science Fiction-Adventure,167.0,4.38
2026-01-03,Spider-Man: Across the Spider-Verse,2023,https://boxd.it/kSz4,4.5,Animation-Action-Adventure,140.0,4.4
2026-01-03,Nosferatu,2024,https://boxd.it/f5eG,3.5,Horror-Fantasy,133.0,3.66
2026-01-03,Good Will Hunting,1997,https://boxd.it/2ahY,4.0,Drama,127.0,4.38
2026-01-03,Deadpool & Wolverine,2024,https://boxd.it/jq8s,3.0,Action-Comedy-Science Fiction,128.0,3.44
2026-01-03,Coraline,2009,https://boxd.it/1NhQ,3.5,Animation-Family-Fantasy,100.0,4.19
2026-01-03,Inside Out 2,2024,https://boxd.it/CFrC,3.5,Animation-Adventure-Comedy,97.0,3.54
2026-01-03,Titanic,1997,https://boxd.it/2a2k,3.0,Drama-Romance,194.0,3.83
2026-01-03,Past Lives,2023,https://boxd.it/oNB8,4.0,Drama-Romance,106.0,4.16
2026-01-03,Home Alone,1990,https://boxd.it/29Fg,5.0,Comedy-Family,103.0,3.85
2026-01-03,Star Wars,1977,https://boxd.it/72s,4.0,Adventure-Action-Science Fiction,121.0,4.16
2026-01-03,No Country for Old Men,2007,https://boxd.it/21ew,4.0,Crime-Thriller-Western,122.0,4.31
2026-01-03,Deadpool,2016,https://boxd.it/9fOC,4.0,Action-Adventure-Comedy,108.0,3.69
2026-01-03,Us,2019,https://boxd.it/gnV6,4.0,Horror-Mystery,116.0,3.64
2026-01-03,Don't Look Up,2021,https://boxd.it/o0Hc,4.0,Comedy-Science Fiction-Drama,138.0,3.03
2026-01-03,The Lighthouse,2019,https://boxd.it/icFU,4.0,Drama-Fantasy-Thriller,109.0,4.01
2026-01-03,Gladiator,2000,https://boxd.it/2b9m,4.0,Action-Drama-Adventure,155.0,4.18
2026-01-03,Juno,2007,https://boxd.it/210a,4.0,Comedy-Drama-Romance,96.0,3.75
2026-01-03,Reservoir Dogs,1992,https://boxd.it/2agc,3.5,Crime-Thriller,99.0,4.14
2026-01-03,The Witch,2015,https://boxd.it/9X0m,4.5,Drama-Thriller,90.0,3.82
2026-01-03,A Minecraft Movie,2025,https://boxd.it/zRro,2.0,Family-Fantasy-Comedy,101.0,2.45
2026-01-03,The Banshees of Inisherin,2022,https://boxd.it/p7XS,4.0,Drama-Comedy,114.0,4.11
2026-01-03,The Hangover,2009,https://boxd.it/1GjK,4.0,Comedy,100.0,3.73
2026-01-03,Talk to Me,2022,https://boxd.it/C6uQ,3.5,Drama,21.0,3.47
2026-01-03,Star Wars: The Force Awakens,2015,https://boxd.it/4vru,4.0,Adventure-Action-Science Fiction,136.0,3.24
2026-01-03,Five Nights at Freddy's,2023,https://boxd.it/ikHu,2.5,Horror-Thriller,110.0,2.57
2026-01-03,Deadpool 2,2018,https://boxd.it/dlLM,4.0,Action-Comedy-Adventure,120.0,3.48
2026-01-03,Charlie and the Chocolate Factory,2005,https://boxd.it/2b68,4.0,Adventure-Comedy-Family,115.0,3.36
2026-01-03,Encanto,2021,https://boxd.it/kPRu,4.0,Animation-Comedy-Family,102.0,3.48
2026-01-03,Civil War,2024,https://boxd.it/z1jW,4.5,War-Action-Drama,109.0,3.54
2026-01-03,Frozen,2013,https://boxd.it/3GNa,3.0,Animation-Family-Adventure,102.0,3.5
2026-01-03,Birdman or (The Unexpected Virtue of Ignorance),2014,https://boxd.it/5RFA,4.0,Drama-Comedy,120.0,4.0
2026-01-03,Memories of Murder,2003,https://boxd.it/1TSo,4.5,Crime-Drama-Thriller,131.0,4.42
2026-01-03,Big Hero 6,2014,https://boxd.it/5rje,4.5,Adventure-Family-Animation,102.0,3.84
2026-01-03,Luca,2021,https://boxd.it/ipjC,3.0,Animation-Family-Fantasy,95.0,3.68
2026-01-03,The Handmaiden,2016,https://boxd.it/948A,3.5,Thriller-Drama-Romance,145.0,4.39
2026-01-03,Twisters,2024,https://boxd.it/qV7a,3.0,Action-Thriller,123.0,3.24
2026-01-03,The Fall Guy,2024,https://boxd.it/s0Bm,3.5,Action-Comedy-Romance,127.0,3.39
2026-01-03,Black Panther: Wakanda Forever,2022,https://boxd.it/igPu,3.0,Action-Adventure-Science Fiction,162.0,3.29
2026-01-03,Turning Red,2022,https://boxd.it/ipkq,3.5,Animation-Family-Comedy,100.0,3.39
2026-01-03,Jurassic World Rebirth,2025,https://boxd.it/KUeE,3.0,Science Fiction-Adventure-Action,134.0,2.6
2026-01-03,21 Jump Street,2012,https://boxd.it/J0,4.0,Action-Comedy-Crime,109.0,3.63
2026-01-03,Saw,2004,https://boxd.it/2aWW,4.5,Horror-Mystery-Crime,103.0,3.67
2026-01-03,Godzilla Minus One,2023,https://boxd.it/zu4c,4.0,Science Fiction-Horror-Action,124.0,4.07
2026-01-03,Late Night with the Devil,2023,https://boxd.it/zo6G,3.5,Horror,93.0,3.36
2026-01-03,Akira,1988,https://boxd.it/2b1i,3.5,Animation-Science Fiction-Action,124.0,4.28
2026-01-03,Free Guy,2021,https://boxd.it/k8dm,3.5,Comedy-Adventure-Science Fiction,115.0,3.01
2026-01-03,Home Alone 2: Lost in New York,1992,https://boxd.it/29F6,4.5,Comedy-Family-Adventure,120.0,3.59
2026-01-03,Zombieland,2009,https://boxd.it/1En6,4.0,Comedy-Horror,87.0,3.52
2026-01-03,Paranormal Activity,2007,https://boxd.it/1yIM,4.0,Horror-Mystery,86.0,2.9
2026-01-03,Back to the Future Part II,1989,https://boxd.it/2aYI,4.5,Adventure-Comedy-Science Fiction,108.0,3.9
2026-01-03,Back to the Future Part III,1990,https://boxd.it/2aTS,3.5,Adventure-Comedy-Science Fiction,119.0,3.59
2026-01-03,Captain America: Brave New World,2025,https://boxd.it/uYDm,2.0,Action-Thriller-Science Fiction,119.0,2.4
2026-01-03,The Secret Life of Walter Mitty,2013,https://boxd.it/3SWy,4.5,Adventure-Comedy-Drama,114.0,3.86
2026-01-03,A Quiet Place Part II,2020,https://boxd.it/iTx0,4.0,Science Fiction-Thriller-Horror,96.0,3.4
2026-01-03,Boyhood,2014,https://boxd.it/3178,4.0,Drama,165.0,3.83
2026-01-03,Mission: Impossible – The Final Reckoning,2025,https://boxd.it/l7A2,3.5,Action-Thriller-Adventure,170.0,3.45
2026-01-03,Ghostbusters,1984,https://boxd.it/g2w,4.0,Comedy-Fantasy,107.0,3.74
2026-01-03,Zoolander,2001,https://boxd.it/1YMA,4.0,Comedy,89.0,3.41
2026-01-03,The Hobbit: An Unexpected Journey,2012,https://boxd.it/GZk,4.0,Adventure-Fantasy-Action,169.0,3.59
2026-01-03,The Hobbit: The Desolation of Smaug,2013,https://boxd.it/nmS,4.5,Fantasy-Adventure-Action,161.0,3.51
2026-01-03,The Hobbit: The Battle of the Five Armies,2014,https://boxd.it/43aU,3.0,Action-Adventure-Fantasy,144.0,3.33
2026-01-03,Weapons,2025,https://boxd.it/EMTM,4.5,Horror-Mystery,129.0,3.61
2026-01-08,Homebound,2025,https://boxd.it/KDDs,4.5,Drama,9.0,4.08
2026-02-05,Kalamkaval,2025,https://boxd.it/LMF0,2.5,Crime-Drama,144.0,3.28
2026-02-05,Coolie,2025,https://boxd.it/HDVK,1.5,Action-Thriller-Crime,170.0,2.48
2026-02-05,Elio,2025,https://boxd.it/CFr8,3.0,Animation-Family-Science Fiction,98.0,3.32
2026-02-05,Sonic the Hedgehog 3,2024,https://boxd.it/zq0U,4.0,Action-Science Fiction-Comedy,110.0,3.45
2026-02-05,Lady Bird,2017,https://boxd.it/dGNE,4.0,Drama-Comedy,94.0,3.82
2026-02-05,Kill,2023,https://boxd.it/HTqS,5.0,Action-Drama-Thriller,137.0,3.52
2026-02-05,Malayankunju,2022,https://boxd.it/uLrs,3.5,Thriller-Drama,112.0,3.17
2026-02-05,Lightyear,2022,https://boxd.it/qV1G,3.5,Animation-Science Fiction-Family,105.0,2.76
2026-02-05,Rocky Aur Rani Kii Prem Kahaani,2023,https://boxd.it/w0wa,2.0,Comedy-Drama-Family,179.0,3.61
2026-02-05,Gargi,2022,https://boxd.it/ALXU,4.5,Drama-Thriller,137.0,3.9
2026-02-05,Stranger Things 5: The Finale,2025,https://boxd.it/YqXW,3.0,,,3.05
2026-02-08,Diary of a Wimpy Kid,2010,https://boxd.it/1fUa,3.0,Comedy-Family,92.0,3.31
2026-02-08,Diary of a Wimpy Kid: Rodrick Rules,2011,https://boxd.it/gm2,3.5,Family-Comedy,99.0,3.77
2026-02-08,Diary of a Wimpy Kid: Dog Days,2012,https://boxd.it/2TG0,3.0,Comedy-Family,94.0,3.2
2026-02-08,Diary of a Wimpy Kid: The Long Haul,2017,https://boxd.it/eL00,2.5,Comedy-Family-Adventure,91.0,1.49
2026-02-08,Ted,2012,https://boxd.it/2pgc,3.0,Comedy-Fantasy,107.0,3.09
2026-02-08,Percy Jackson & the Olympians: The Lightning Thief,2010,https://boxd.it/1gJi,2.5,Adventure-Fantasy-Family,118.0,2.73
2026-02-08,Percy Jackson: Sea of Monsters,2013,https://boxd.it/2D8m,3.0,Adventure-Family-Fantasy,106.0,2.23
2026-02-08,WandaVision,2021,https://boxd.it/sbGW,4.0,,,3.78
2026-02-08,Loki,2021,https://boxd.it/sbHg,4.5,,,3.86
2026-02-08,The Falcon and the Winter Soldier,2021,https://boxd.it/sbH6,3.0,,,3.13
2026-02-08,Moon Knight,2022,https://boxd.it/zeDq,3.5,,,3.62
2026-02-08,Werewolf by Night,2022,https://boxd.it/xMrO,3.0,Action-Fantasy-Horror,55.0,3.46
2026-02-08,The Marvels,2023,https://boxd.it/mwU4,3.0,Science Fiction-Adventure-Action,105.0,2.45
2026-02-08,Wonder Man,2026,https://boxd.it/10jdQ,3.0,,,3.9
2026-02-08,The Flash,2023,https://boxd.it/9twC,3.0,Action-Science Fiction-Adventure,144.0,2.45
2026-02-08,The Penguin,2024,https://boxd.it/QkIU,5.0,Family,89.0,4.46
2026-02-08,Dumbo,1941,https://boxd.it/1U2o,3.5,Animation-Family,64.0,3.4
2026-02-08,Snow White and the Seven Dwarfs,1937,https://boxd.it/2arO,3.0,Fantasy-Animation-Family,83.0,3.42
2026-02-08,Pinocchio,1940,https://boxd.it/1V8C,4.0,Animation-Family-Fantasy,88.0,3.47
2026-02-08,Planes,2013,https://boxd.it/4Na2,2.0,Animation-Family-Adventure,91.0,2.25
2026-02-08,Planes: Fire & Rescue,2014,https://boxd.it/6uXI,2.5,Animation-Comedy-Adventure,83.0,2.26
2026-02-08,Frankenweenie,2012,https://boxd.it/bPS,3.0,Animation-Comedy-Family,87.0,3.52
2026-02-08,Mars Needs Moms,2011,https://boxd.it/DVu,2.5,Adventure-Animation-Family,88.0,2.25
2026-02-08,Phineas and Ferb The Movie: Across the 2nd Dimension,2011,https://boxd.it/2ql8,3.0,Animation-Comedy-Family,78.0,3.7
2026-02-08,G-Force,2009,https://boxd.it/1ETc,3.0,Family-Fantasy-Action,88.0,2.33
2026-02-08,A Christmas Carol,2009,https://boxd.it/1HKW,2.0,Animation-Fantasy-Drama,96.0,3.23
2026-02-08,The Wild,2006,https://boxd.it/1Xz6,2.5,Family-Animation-Adventure,82.0,2.22
2026-02-08,The Lion King 1½,2004,https://boxd.it/1TRg,4.0,Family-Animation-Comedy,77.0,3.17
2026-02-08,An Extremely Goofy Movie,2000,https://boxd.it/1LOo,3.5,Animation-Family-Comedy,79.0,3.35
2026-02-08,Around the World in 80 Days,2004,https://boxd.it/1WPs,3.0,Action-Adventure-Comedy,120.0,2.8
2026-02-08,Dinosaur,2000,https://boxd.it/1VWi,2.5,Animation-Family-Adventure,82.0,3.0
2026-02-08,The Jungle Book,1967,https://boxd.it/1YY2,4.0,Family-Animation-Adventure,78.0,3.71
2026-02-08,The Aristocats,1970,https://boxd.it/1X3Y,3.0,Animation-Comedy-Family,78.0,3.76
2026-02-08,Alice in Wonderland,1951,https://boxd.it/1Sz6,3.0,Animation-Family-Fantasy,75.0,3.8
2026-02-08,The Muppets,2011,https://boxd.it/1zg,3.5,Family-Comedy,103.0,3.61
2026-02-08,Muppets Most Wanted,2014,https://boxd.it/4Cti,3.5,Comedy-Adventure-Crime,107.0,3.29
2026-02-08,Air Buddies,2006,https://boxd.it/1XoM,3.5,Adventure-Comedy-Family,80.0,2.7
2026-02-08,Oz the Great and Powerful,2013,https://boxd.it/2cAI,2.5,Fantasy-Adventure-Family,130.0,2.62
2026-02-08,"The Chronicles of Narnia: The Lion, the Witch and the Wardrobe",2005,https://boxd.it/2ark,3.0,Adventure-Family-Fantasy,143.0,3.64
2026-02-08,The Chronicles of Narnia: The Voyage of the Dawn Treader,2010,https://boxd.it/1WZs,3.0,Adventure-Family-Fantasy,113.0,2.98
2026-02-08,Prince of Persia: The Sands of Time,2010,https://boxd.it/1YpQ,3.5,Adventure-Fantasy-Action,116.0,2.59
2026-02-08,Saving Mr. Banks,2013,https://boxd.it/4vIq,4.0,Comedy-Drama-History,126.0,3.53
2026-02-08,Million Dollar Arm,2014,https://boxd.it/5Y34,3.0,Drama,124.0,3.14
2026-02-08,"Alexander and the Terrible, Horrible, No Good, Very Bad Day",2014,https://boxd.it/6uQM,4.0,Family-Comedy,81.0,2.63
2026-02-08,Once Upon a Warrior,2011,https://boxd.it/2ooO,2.0,Adventure-Fantasy-Action,133.0,2.98
2026-02-08,The Shaggy Dog,2006,https://boxd.it/1XaK,2.5,Comedy-Family,98.0,1.95
2026-02-08,101 Dalmatians,1996,https://boxd.it/1TgO,2.0,Family-Comedy,103.0,2.93
2026-02-08,Beauty and the Beast,2017,https://boxd.it/ar0c,3.0,Family-Fantasy-Romance,129.0,3.22
2026-02-08,Lady and the Tramp,1955,https://boxd.it/1Wv8,3.0,Animation-Family-Romance,76.0,3.6
2026-02-08,The Road to El Dorado,2000,https://boxd.it/1W6s,3.0,Family-Adventure-Animation,89.0,3.63
2026-02-08,The Bad Guys 2,2025,https://boxd.it/IAI6,4.0,Family-Comedy-Crime,104.0,3.53
2026-02-08,Over the Hedge,2006,https://boxd.it/20QY,3.0,Family-Comedy-Animation,83.0,3.34
2026-02-08,Kung Fu Panda 4,2024,https://boxd.it/CepE,2.0,Animation-Family-Action,94.0,2.66
2026-02-08,Minions: The Rise of Gru,2022,https://boxd.it/fz9w,3.0,Family-Comedy-Adventure,87.0,3.15
2026-02-08,Sing 2,2021,https://boxd.it/fAnE,3.5,Animation-Music-Comedy,110.0,3.22
2026-02-08,Despicable Me 4,2024,https://boxd.it/iOLG,2.0,Family-Comedy-Animation,94.0,2.74
2026-02-08,Migration,2023,https://boxd.it/ztfo,3.0,Family-Comedy-Adventure,83.0,3.12
2026-02-08,Hotel Transylvania,2012,https://boxd.it/2DF6,4.0,Animation-Comedy-Family,91.0,3.38
2026-02-08,Cloudy with a Chance of Meatballs,2009,https://boxd.it/1A40,4.0,Animation-Comedy-Family,90.0,3.41
2026-02-08,Surf's Up,2007,https://boxd.it/1YKY,3.5,Animation-Comedy-Family,85.0,3.77
2026-02-08,Goosebumps,2015,https://boxd.it/7Bp6,3.0,Adventure-Horror-Comedy,103.0,2.86
2026-02-08,Arthur Christmas,2011,https://boxd.it/Cg6,2.5,Drama-Animation-Family,97.0,3.55
2026-02-08,The Angry Birds Movie 2,2019,https://boxd.it/gdL6,3.0,Animation-Adventure-Comedy,97.0,2.64
2026-02-08,The Angry Birds Movie,2016,https://boxd.it/4PBu,2.5,Animation-Adventure-Comedy,97.0,2.7
2026-02-08,Open Season,2006,https://boxd.it/20U2,4.0,Animation-Family-Adventure,86.0,2.98
2026-02-08,Cloudy with a Chance of Meatballs 2,2013,https://boxd.it/3GMw,3.0,Animation-Family-Comedy,95.0,2.96
2026-02-08,Hotel Transylvania 2,2015,https://boxd.it/4ZLk,3.0,Animation-Comedy-Family,89.0,3.03
2026-02-08,The Pirates! In an Adventure with Scientists!,2012,https://boxd.it/2p1w,3.5,Animation-Adventure-Family,88.0,3.41
2026-02-08,Open Season 2,2008,https://boxd.it/1PCm,3.5,Adventure-Animation-Comedy,76.0,2.52
2026-02-08,Peter Rabbit,2018,https://boxd.it/di8W,3.0,Animation-Adventure-Family,93.0,2.77
2026-02-08,Hotel Transylvania 3: Summer Vacation,2018,https://boxd.it/e1zI,3.5,Animation-Comedy-Family,97.0,2.66
2026-02-08,The Smurfs,2011,https://boxd.it/Zcm,3.5,Animation-Family-Adventure,103.0,2.5
2026-02-08,The Smurfs 2,2013,https://boxd.it/2HvO,2.5,Fantasy-Family-Comedy,105.0,2.21
2026-02-08,The Emoji Movie,2017,https://boxd.it/d9x4,2.0,Animation-Family-Comedy,86.0,1.42
2026-02-08,Men in Black,1997,https://boxd.it/2a0I,3.5,Action-Adventure-Comedy,98.0,3.69
2026-02-08,Men in Black II,2002,https://boxd.it/2a0y,3.0,Action-Comedy-Science Fiction,88.0,3.06
2026-02-08,Men in Black 3,2012,https://boxd.it/103U,3.5,Action-Comedy-Science Fiction,106.0,3.19
2026-02-08,Jumanji: Welcome to the Jungle,2017,https://boxd.it/bUeE,3.5,Adventure-Comedy-Fantasy,119.0,3.12
2026-02-08,Chappie,2015,https://boxd.it/5Y3e,3.5,Crime-Action-Science Fiction,120.0,3.13
2026-02-08,Venom: The Last Dance,2024,https://boxd.it/ynqo,2.5,Science Fiction-Action-Adventure,109.0,2.54
2026-02-08,Fantastic Four,2005,https://boxd.it/1XVw,2.5,Action-Fantasy-Science Fiction,106.0,2.7
2026-02-08,Teenage Mutant Ninja Turtles,2014,https://boxd.it/3oAs,2.5,Science Fiction-Action-Adventure,101.0,2.51
2026-02-08,Transformers: Rise of the Beasts,2023,https://boxd.it/oQTa,3.0,Science Fiction-Adventure-Action,127.0,2.65
2026-02-08,Transformers: Dark of the Moon,2011,https://boxd.it/16aC,3.0,Action-Science Fiction-Adventure,154.0,2.8
2026-02-08,Transformers,2007,https://boxd.it/280c,3.0,Adventure-Science Fiction-Action,144.0,3.33
2026-02-08,Transformers: Revenge of the Fallen,2009,https://boxd.it/20gG,3.0,Science Fiction-Action-Adventure,150.0,2.68
2026-02-08,Transformers: Age of Extinction,2014,https://boxd.it/3d1m,2.5,Science Fiction-Action-Adventure,165.0,2.24
2026-02-08,Transformers: The Last Knight,2017,https://boxd.it/b8xo,1.5,Action-Adventure-Science Fiction,154.0,2.05
2026-02-08,Bumblebee,2018,https://boxd.it/f21O,3.5,Action-Adventure-Science Fiction,114.0,3.18
2026-02-08,Terminator 3: Rise of the Machines,2003,https://boxd.it/2aES,4.5,Action-Thriller-Science Fiction,109.0,2.73
2026-02-08,Edge of Tomorrow,2014,https://boxd.it/4pD0,4.5,Action-Science Fiction,114.0,3.77
2026-02-08,Pacific Rim,2013,https://boxd.it/2cB2,4.0,Action-Science Fiction-Adventure,131.0,3.47
2026-02-08,Godzilla,2014,https://boxd.it/47OE,3.0,Action-Drama-Science Fiction,123.0,3.11
2026-02-08,Godzilla: King of the Monsters,2019,https://boxd.it/cY7Y,3.0,Science Fiction-Action,132.0,2.89
2026-02-08,Godzilla vs. Kong,2021,https://boxd.it/e0qK,2.5,Action-Science Fiction-Adventure,114.0,2.81
2026-02-08,Godzilla × Kong: The New Empire,2024,https://boxd.it/v1PK,2.5,Action-Adventure-Science Fiction,115.0,2.7
2026-02-08,Godzilla,1998,https://boxd.it/29fW,2.5,Science Fiction-Action-Thriller,139.0,2.29
2026-02-08,Kong: Skull Island,2017,https://boxd.it/9ewM,3.5,Action-Adventure-Fantasy,118.0,3.11
2026-02-08,Hulk,2003,https://boxd.it/27PS,2.0,Science Fiction-Adventure-Action,138.0,2.48
2026-02-08,Rampage,2018,https://boxd.it/f9a4,2.5,Action-Adventure-Science Fiction,107.0,2.41
2026-02-08,Cloverfield,2008,https://boxd.it/2192,3.0,Action-Thriller-Science Fiction,85.0,3.41
2026-02-08,The Tomorrow War,2021,https://boxd.it/lE78,3.0,Action-Science Fiction-Adventure,138.0,2.74
2026-02-08,The Last Airbender,2010,https://boxd.it/1WQK,1.0,Action-Adventure-Fantasy,103.0,1.16
2026-02-08,The Departed,2006,https://boxd.it/28MA,4.0,Drama-Thriller-Crime,151.0,4.34
2026-02-08,A Silent Voice: The Movie,2016,https://boxd.it/d99c,3.5,Animation-Drama-Romance,129.0,4.21
2026-02-08,Cast Away,2000,https://boxd.it/20i8,4.5,Adventure-Drama,143.0,3.89
2026-02-08,Y Tu Mamá También,2001,https://boxd.it/28QM,4.0,Drama-Romance,106.0,4.21
2026-02-08,The Naked Gun: From the Files of Police Squad!,1988,https://boxd.it/18YE,4.0,Comedy-Crime,86.0,3.73
2026-02-08,Aattam,2023,https://boxd.it/Aaws,4.0,Drama,139.0,4.1
2026-02-12,Attack on Titan: THE LAST ATTACK,2024,https://boxd.it/PgDE,5.0,Animation-Action-Adventure,145.0,4.66
2026-02-12,C/o Kancharapalem,2018,https://boxd.it/jSlk,5.0,Drama-Romance,152.0,4.15
2026-02-12,Bāhubali: The Epic,2025,https://boxd.it/WdFc,4.5,Action-Drama,224.0,4.05
2026-02-12,Lost Ladies,2023,https://boxd.it/I0mS,5.0,Comedy-Drama-Romance,123.0,4.03
2026-02-12,Kishkindha Kaandam,2024,https://boxd.it/CLOM,3.0,Thriller-Mystery-Drama,125.0,3.98
2026-02-12,Vaazhai,2024,https://boxd.it/DNee,4.0,Drama,134.0,3.97
2026-02-12,Sagara Sangamam,1983,https://boxd.it/1lQI,4.5,Drama-Romance-Music,160.0,3.95
2026-02-12,RRR: Behind & Beyond,2024,https://boxd.it/RT3O,4.0,Documentary,97.0,3.94
2026-02-12,Sholay,1975,https://boxd.it/1Saq,4.5,Action,198.0,3.92
2026-02-12,Tourist Family,2025,https://boxd.it/RNEO,3.5,Comedy-Drama-Family,128.0,3.9
2026-02-12,Lubber Pandhu,2024,https://boxd.it/FvlK,4.0,Family-Drama-Comedy,146.0,3.9
2026-02-12,Superboys of Malegaon,2024,https://boxd.it/KyOU,4.5,Comedy-Drama-History,128.0,3.89
2026-02-12,Thondimuthalum Driksakshiyum,2017,https://boxd.it/grc0,3.5,Comedy-Drama-Thriller,136.0,3.89
2026-02-12,Garuda Gamana Vrishabha Vahana,2021,https://boxd.it/pj7u,5.0,Crime-Drama-Thriller,151.0,3.89
2026-02-12,Thuppakki,2012,https://boxd.it/4yY2,3.5,Action-Thriller,170.0,3.89
2026-02-12,Thani Oruvan,2015,https://boxd.it/8Bt0,4.5,Thriller-Action,159.0,3.88
2026-02-12,Mandela,2021,https://boxd.it/ulX8,4.5,Comedy-Drama,140.0,3.85
2026-02-13,Anaconda,2025,https://boxd.it/KV9g,2.0,Adventure-Comedy-Horror,100.0,2.48
2026-02-13,Anaconda,1997,https://boxd.it/1YSy,2.5,Adventure-Horror-Thriller,90.0,2.39
2026-02-13,Anacondas: The Hunt for the Blood Orchid,2004,https://boxd.it/1Uic,2.5,Adventure-Horror-Thriller,96.0,2.29
2026-02-16,"Crazy, Stupid, Love.",2011,https://boxd.it/D9A,4.0,Comedy-Drama-Romance,118.0,3.71
2026-02-16,The 40 Year Old Virgin,2005,https://boxd.it/21hK,3.5,Comedy-Romance,116.0,3.33
2026-02-18,Thalaivar Thambi Thalaimaiyil,2026,https://boxd.it/wMLs,3.5,Comedy-Drama,113.0,3.21
2026-02-18,Sookshmadarshini,2024,https://boxd.it/zRX0,3.5,Mystery-Thriller-Comedy,142.0,3.63
2026-02-18,Guruvayoor Ambalanadayil,2024,https://boxd.it/Eqle,3.5,Comedy-Family,132.0,3.07
2026-02-18,Hridayapoorvam,2025,https://boxd.it/Obge,3.5,Romance-Comedy-Drama,151.0,3.0
2026-02-18,A.R.M - Ajayante Randam Moshanam,2024,https://boxd.it/xCoK,2.5,Action-Adventure-Drama,147.0,3.24
2026-02-18,Nna Thaan Case Kodu,2022,https://boxd.it/wGoM,3.5,Drama-Crime-Comedy,139.0,3.69
2026-02-18,Nunakkuzhi,2024,https://boxd.it/IM48,3.0,Crime-Comedy,125.0,3.02
2026-02-18,Lokah Chapter 1: Chandra,2025,https://boxd.it/NelO,3.0,Action-Adventure-Fantasy,151.0,3.68
2026-02-18,Anweshippin Kandethum,2024,https://boxd.it/vtaA,3.0,Crime-Thriller-Drama,143.0,3.33
2026-02-18,Thudarum,2025,https://boxd.it/M3Yy,3.0,Action-Drama-Thriller,164.0,3.52
2026-02-18,Kannappa,2025,https://boxd.it/KOpw,1.5,Fantasy-History-Drama,182.0,2.33
2026-02-18,Family - A Made at Home Short Film,2020,https://boxd.it/GJcu,4.5,,4.0,
2026-02-18,Vettaiyan,2024,https://boxd.it/FnTu,3.0,Action-Crime-Drama,161.0,2.88
2026-02-18,Thalapathi,1991,https://boxd.it/1mDg,5.0,Action-Crime-Drama,157.0,4.17
2026-02-18,Chandramukhi,2005,https://boxd.it/xjE,2.0,Comedy-Horror-Drama,164.0,3.62
2026-02-18,Annaatthe,2021,https://boxd.it/sgNy,1.0,Action-Family-Drama,163.0,1.61
2026-02-18,Kalki 2898-AD,2024,https://boxd.it/uaUM,3.0,Drama-Action-Fantasy,176.0,3.07
2026-02-18,Indian 2: Zero Tolerance,2024,https://boxd.it/kbw2,1.5,Drama-Action-Thriller,178.0,1.4
2026-02-18,Michael Madana Kama Rajan,1990,https://boxd.it/1O5c,4.0,Comedy,167.0,4.02
2026-02-18,Vishwaroopam,2013,https://boxd.it/3U0c,4.0,Action-Thriller,147.0,3.59
2026-02-21,Naanum Rowdydhaan,2015,https://boxd.it/ap8I,3.0,Action-Comedy-Drama,140.0,3.55
2026-02-21,Pizza,2012,https://boxd.it/4tbO,3.5,Thriller-Comedy-Romance,127.0,3.63
2026-02-21,Ghajini,2005,https://boxd.it/2hIM,3.0,Action-Romance-Thriller,182.0,3.68
2026-02-21,Mersal,2017,https://boxd.it/gicK,2.5,Thriller-Action-Crime,161.0,3.33
2026-02-21,Theri,2016,https://boxd.it/cPGq,3.0,Action-Crime-Thriller,157.0,3.38
2026-02-21,Raja Rani,2013,https://boxd.it/6DKS,3.5,Romance-Comedy-Drama,160.0,3.47
2026-02-21,Ko,2011,https://boxd.it/6p6,4.0,,,3.75
2026-02-21,Inji Iduppazhagi,2015,https://boxd.it/c78a,2.0,Romance-Comedy-Drama,131.0,2.79
2026-02-24,Seven Samurai,1954,https://boxd.it/2axi,4.0,Action-Drama,207.0,4.6
2026-02-24,Meiyazhagan,2024,https://boxd.it/GYue,5.0,Family-Drama,177.0,4.21
2026-02-24,Gone Girl,2014,https://boxd.it/6hQu,3.5,Mystery-Thriller-Drama,149.0,4.07
2026-02-28,Train Dreams,2025,https://boxd.it/LdDo,4.0,Drama,102.0,4.06
2026-02-28,#Single,2025,https://boxd.it/SRge,2.5,Comedy-Romance,127.0,2.71
2026-02-28,Naari Naari Naduma Murari,2026,https://boxd.it/Suhy,2.0,Romance-Drama-Comedy,143.0,2.9
2026-02-28,Samajavaragamana,2023,https://boxd.it/D0xG,2.5,Comedy-Drama-Romance,129.0,3.29
2026-02-28,Om Bheem Bush,2024,https://boxd.it/LxjI,1.5,Comedy-Horror,135.0,2.74
2026-02-28,Raja Raja Chora,2021,https://boxd.it/udD0,4.0,Comedy-Romance-Crime,149.0,3.51
2026-02-28,Swag,2024,https://boxd.it/LHmM,4.0,Comedy-Drama,157.0,3.19
2026-02-28,Gaali Sampath,2021,https://boxd.it/tYUg,1.5,Comedy-Drama-Family,130.0,2.9
2026-02-28,Appatlo Okadundevadu,2016,https://boxd.it/fpBq,4.0,Drama,127.0,3.4
2026-02-28,The Great Pre-Wedding Show,2025,https://boxd.it/YHQe,3.0,Comedy-Drama,114.0,3.44
2026-02-28,Dragon,2025,https://boxd.it/Mxns,3.5,Romance-Comedy-Drama,157.0,3.44
2026-02-28,Kaantha,2025,https://boxd.it/LChi,3.5,History-Crime-Drama,150.0,3.32
2026-02-28,Little Hearts,2025,https://boxd.it/TjjA,4.0,Comedy-Romance-Drama,128.0,3.55
2026-02-28,Kingdom,2025,https://boxd.it/GxLi,2.0,,19.0,2.58
2026-02-28,They Call Him OG,2025,https://boxd.it/EQYc,1.0,Action-Thriller,155.0,2.6
2026-02-28,Andhra King Taluka,2025,https://boxd.it/S8ts,2.5,Action-Drama-Romance,166.0,2.9
2026-02-28,Dude,2025,https://boxd.it/OqFe,3.0,Action-Comedy-Drama,140.0,2.61
2026-02-28,Mirai,2025,https://boxd.it/KpAk,2.0,Action-Adventure-Fantasy,166.0,2.65
2026-02-28,Sankranthiki Vasthunam,2025,https://boxd.it/R9Dc,2.5,Action-Comedy,144.0,2.69
2026-02-28,Court: State vs. A Nobody,2025,https://boxd.it/SHmm,3.5,Drama-Romance-Crime,149.0,3.5
2026-02-28,Kuberaa,2025,https://boxd.it/IpbA,2.5,Crime-Thriller-Drama,185.0,2.97
2026-02-28,Daaku Maharaaj,2025,https://boxd.it/JC7y,3.0,Action-Crime-Drama,147.0,2.82
2026-02-28,Mazaka,2025,https://boxd.it/SvLY,2.0,Action-Comedy-Romance,128.0,2.75
2026-02-28,Subham,2025,https://boxd.it/TEZi,3.0,Horror-Comedy,123.0,3.17
2026-02-28,Uppu Kappurambu,2025,https://boxd.it/M7rS,3.0,Comedy-Drama,136.0,3.1
2026-02-28,Paradha,2025,https://boxd.it/MR6c,3.0,Drama,142.0,3.23
2026-02-28,Dhandoraa,2025,https://boxd.it/ZE52,3.0,Romance-Drama,136.0,3.41
2026-03-07,KPop Demon Hunters,2025,https://boxd.it/ufwK,4.0,Fantasy-Music-Comedy,96.0,3.55
2026-03-07,Warfare,2025,https://boxd.it/LbRo,4.0,War-Action,95.0,3.53
2026-03-07,Lilo & Stitch,2025,https://boxd.it/kbUe,3.5,Family-Science Fiction-Comedy,108.0,3.01
2026-03-07,Now You See Me 2,2016,https://boxd.it/99fw,3.0,Crime-Thriller,129.0,3.09
2026-03-07,Now You See Me: Now You Don't,2025,https://boxd.it/f3i2,2.5,Crime-Thriller,113.0,2.95
2026-03-07,Kantara - A Legend: Chapter 1,2025,https://boxd.it/EZaq,4.0,Action-Drama-Fantasy,165.0,3.46
2026-03-07,Eko,2025,https://boxd.it/EuuY,4.5,Drama-Mystery,127.0,3.75
2026-03-07,Retro,2025,https://boxd.it/MfqS,2.5,Romance-Action-Drama,162.0,2.8
2026-03-07,Sarvam Maya,2025,https://boxd.it/UEUa,3.0,Comedy-Family,147.0,3.42
2026-03-07,Bison Kaalamaadan,2025,https://boxd.it/LUUW,4.0,Drama-Action,169.0,3.79
2026-03-07,Diés Iraé,2025,https://boxd.it/RKam,2.5,Horror-Thriller,115.0,3.18
2026-03-07,Padakkalam,2025,https://boxd.it/LFSQ,3.5,Comedy-Fantasy,123.0,3.44
2026-03-07,Madharaasi,2025,https://boxd.it/Nu7S,2.0,Action-Romance-Thriller,168.0,2.91
2026-03-07,HIT: The Third Case,2025,https://boxd.it/E7vu,2.5,Crime-Thriller-Action,157.0,2.88
2026-03-07,Maareesan,2025,https://boxd.it/CEwQ,3.0,Thriller-Drama-Action,152.0,3.28
2026-03-07,Sirai,2025,https://boxd.it/Veui,4.0,Drama-Romance,124.0,3.74
2026-03-07,Veera Dheera Sooran: Part 2,2025,https://boxd.it/JsRc,4.0,Action-Crime-Drama,162.0,3.34
2026-03-07,Haq,2025,https://boxd.it/SulU,3.5,Drama,136.0,3.74
2026-03-07,Sitaare Zameen Par,2025,https://boxd.it/Ja4m,3.5,Comedy-Drama,155.0,3.27
2026-03-07,Idli Kadai,2025,https://boxd.it/Oxi2,2.5,Action-Drama-Comedy,147.0,2.84
2026-03-07,Officer on Duty,2025,https://boxd.it/MSnS,2.0,Crime-Thriller,134.0,3.14
2026-03-07,Rekhachithram,2025,https://boxd.it/NfZ6,3.0,Mystery-Thriller-Crime,139.0,3.38
2026-03-07,Game Changer,2025,https://boxd.it/uzQg,1.5,Action-Drama,164.0,2.01
2026-03-09,Good Time,2017,https://boxd.it/fcFu,5.0,Crime-Thriller-Drama,102.0,3.98
2026-03-09,Marty Supreme,2025,https://boxd.it/Off0,4.0,Drama-Thriller,150.0,4.09
2026-03-10,Bao,2018,https://boxd.it/iEl4,5.0,Animation-Family-Fantasy,8.0,3.9
2026-03-10,Piper,2016,https://boxd.it/dZaG,4.0,Family-Animation,6.0,4.07
2026-03-10,Geri's Game,1997,https://boxd.it/1P6U,4.0,Animation-Comedy-Family,4.0,3.82
2026-03-10,For the Birds,2000,https://boxd.it/1P6K,4.0,Animation-Family-Comedy,4.0,3.56
2026-03-10,Kitbull,2019,https://boxd.it/l4MY,5.0,Animation-Family-Drama,9.0,4.2
2026-03-10,Lava,2014,https://boxd.it/8S9G,4.0,Animation-Family,7.0,3.58
2026-03-10,Day & Night,2010,https://boxd.it/11kM,4.0,Animation-Family-Comedy,6.0,3.78
2026-03-10,Ciao Alberto,2021,https://boxd.it/x4F8,3.0,Animation-Comedy-Family,7.0,3.59
2026-03-10,Luxo Jr.,1986,https://boxd.it/1P7y,4.0,Animation-Comedy,2.0,3.5
2026-03-10,Purl,2018,https://boxd.it/jomC,4.0,Animation-Comedy,9.0,3.2
2026-03-10,Tin Toy,1988,https://boxd.it/1P7e,4.0,Animation-Family,5.0,3.04
2026-03-10,Lou,2017,https://boxd.it/fntk,4.5,Family-Fantasy-Animation,6.0,3.69
2026-03-10,Lamp Life,2020,https://boxd.it/lTYG,3.5,Animation-Comedy-Family,7.0,3.21
2026-03-22,Dhurandhar The Revenge,2026,https://boxd.it/Z0Uu,4.0,Action-Crime-Thriller,229.0,3.46
2026-03-24,Stranger Than Fiction,2006,https://boxd.it/28Za,4.0,Drama-Comedy-Romance,113.0,3.64
2026-03-30,Send Help,2026,https://boxd.it/JuhA,3.0,Horror-Thriller-Comedy,113.0,3.41
2026-04-02,Project Hail Mary,2026,https://boxd.it/pEeQ,4.5,Science Fiction-Adventure,157.0,4.33
2026-04-02,Exit 8,2025,https://boxd.it/S9Kk,3.0,Horror-Mystery,95.0,3.12
2026-04-04,No Other Choice,2025,https://boxd.it/nKiA,3.5,Comedy-Crime-Thriller,140.0,4.09
